id,preco,condominio,iptu,area_m2,quartos,banheiros,vagas,bairro,bairro_anuncio,tipo,lancamento,url,data_coleta
2821599338,R$ 1.959.000,isento,isento,125 m²,2,2,1,Asa Sul,Asa Sul,cobertura,False,https://www.vivareal.com.br/imovel/cobertura-2-quartos-asa-sul-bairros-brasilia-com-garagem-125m2-venda-RS1959000-id-2821599338/?source=ranking%2Cunknown,2026-09-27
2893493673,R$ 360.000,R$ 390,R$ 819,27 m²,1,1,2,Asa Sul,Asa Sul,kitnet,False,https://www.vivareal.com.br/imovel/kitnet-1-quartos-asa-sul-bairros-brasilia-com-garagem-27m2-venda-RS360000-id-2893493673/?source=ranking%2Cunknown,2026-09-27
2863998901,R$ 345.000,isento,isento,25 m²,1,1,1,Asa Sul,Asa Sul,kitnet,False,https://www.vivareal.com.br/imovel/kitnet-1-quartos-asa-sul-bairros-brasilia-com-garagem-25m2-venda-RS345000-id-2863998901/?source=ranking%2Cunknown,2026-09-27
2899174503,R$ 410.000,isento,isento,27 m²,1,1,,Asa Sul,Asa Sul,kitnet,False,https://www.vivareal.com.br/imovel/kitnet-1-quartos-asa-sul-bairros-brasilia-27m2-venda-RS410000-id-2899174503/?source=ranking%2Cunknown,2026-09-27
2735690215,R$ 390.000,R$ 431,R$ 2.250,26 m²,1,1,2,Asa Sul,Asa Sul,kitnet,False,https://www.vivareal.com.br/imovel/kitnet-1-quartos-asa-sul-bairros-brasilia-com-garagem-26m2-venda-RS390000-id-2735690215/?source=ranking%2Cunknown,2026-09-27
2874672076,R$ 2.750.000,isento,R$ 3.600,330 m²,4,4,5,Asa Sul,Asa Sul,casa,False,https://www.vivareal.com.br/imovel/casa-4-quartos-asa-sul-bairros-brasilia-com-garagem-330m2-venda-RS2750000-id-2874672076/?source=ranking%2Cunknown,2026-09-27
2893973476,R$ 1.650.000,isento,R$ 3.564,339 m²,4,6,2,Asa Sul,Asa Sul,casa,False,https://www.vivareal.com.br/imovel/casa-4-quartos-asa-sul-bairros-brasilia-com-garagem-339m2-venda-RS1650000-id-2893973476/?source=ranking%2Cunknown,2026-09-27
2876887209,R$ 2.320.000,isento,isento,327 m²,5,7,3,Asa Sul,Asa Sul,casa,False,https://www.vivareal.com.br/imovel/casa-5-quartos-asa-sul-bairros-brasilia-com-garagem-327m2-venda-RS2320000-id-2876887209/?source=ranking%2Cunknown,2026-09-27
2907628133,R$ 1.200.000,isento,isento,800 m²,3,5,,Asa Sul,Asa Sul,casa,False,https://www.vivareal.com.br/imovel/casa-3-quartos-asa-sul-bairros-brasilia-800m2-venda-RS1200000-id-2907628133/?source=ranking%2Cunknown,2026-09-27
2617010830,R$ 1.950.000,isento,isento,410 m²,4,6,8,Asa Sul,Asa Sul,casa,False,https://www.vivareal.com.br/imovel/casa-4-quartos-vicente-pires-bairros-brasilia-com-garagem-410m2-venda-RS1950000-id-2617010830/?source=ranking%2Cunknown,2026-09-27
2871038317,R$ 1.300.000,isento,isento,173 m²,4,3,1,Asa Sul,Asa Sul,casa,False,https://www.vivareal.com.br/imovel/sobrado-4-quartos-asa-sul-bairros-brasilia-com-garagem-173m2-venda-RS1300000-id-2871038317/?source=ranking%2Cunknown,2026-09-27
2845624346,R$ 950.000,isento,isento,120 m²,3,3,2,Asa Sul,Asa Sul,casa,False,https://www.vivareal.com.br/imovel/casa-3-quartos-asa-sul-bairros-brasilia-com-garagem-120m2-venda-RS950000-id-2845624346/?source=ranking%2Cunknown,2026-09-27
2841223383,R$ 2.800.000,isento,R$ 3.000,520 m²,4,7,6,Asa Sul,Asa Sul,casa,False,https://www.vivareal.com.br/imovel/casa-4-quartos-asa-sul-bairros-brasilia-com-garagem-520m2-venda-RS2800000-id-2841223383/?source=ranking%2Cunknown,2026-09-27
2910329920,R$ 2.800.000,isento,R$ 3.000,170 m²,4,7,6,Asa Sul,Asa Sul,casa,False,https://www.vivareal.com.br/imovel/casa-4-quartos-asa-sul-bairros-brasilia-com-garagem-170m2-venda-RS2800000-id-2910329920/?source=ranking%2Cunknown,2026-09-27
2825679769,R$ 1.980.000,isento,isento,310 m²,5,6,2,Asa Sul,Asa Sul,casa,False,https://www.vivareal.com.br/imovel/casa-5-quartos-asa-sul-bairros-brasilia-com-garagem-310m2-venda-RS1980000-id-2825679769/?source=ranking%2Cunknown,2026-09-27
2912916831,R$ 1.600.000,isento,R$ 2.600,265 m²,4,4,1,Asa Sul,Asa Sul,casa,False,https://www.vivareal.com.br/imovel/casa-4-quartos-asa-sul-bairros-brasilia-com-garagem-265m2-venda-RS1600000-id-2912916831/?source=ranking%2Cunknown,2026-09-27
2893845112,R$ 495.000,isento,isento,30 m²,1,1,1,Asa Sul,Asa Sul,casa,False,https://www.vivareal.com.br/imovel/casa-1-quartos-asa-sul-bairros-brasilia-com-garagem-30m2-venda-RS495000-id-2893845112/?source=ranking%2Cunknown,2026-09-27
2902598969,R$ 1.000.000,isento,isento,256 m²,4,3,2,Asa Sul,Asa Sul,casa,False,https://www.vivareal.com.br/imovel/sobrado-4-quartos-asa-sul-bairros-brasilia-com-garagem-256m2-venda-RS1000000-id-2902598969/?source=ranking%2Cunknown,2026-09-27
2820504943,R$ 1.980.000,isento,isento,120 m²,4,6,2,Asa Sul,Asa Sul,casa,False,https://www.vivareal.com.br/imovel/casa-4-quartos-asa-sul-bairros-brasilia-com-garagem-120m2-venda-RS1980000-id-2820504943/?source=ranking%2Cunknown,2026-09-27
2830881556,R$ 1.800.000,isento,R$ 1.800,360 m²,4,5,1,Asa Sul,Asa Sul,casa,False,https://www.vivareal.com.br/imovel/casa-4-quartos-asa-sul-bairros-brasilia-com-garagem-360m2-venda-RS1800000-id-2830881556/?source=ranking%2Cunknown,2026-09-27
2911262415,R$ 950.000,isento,R$ 3.624,128 m²,3,1,1,Asa Sul,Asa Sul,casa,False,https://www.vivareal.com.br/imovel/casa-3-quartos-asa-sul-bairros-brasilia-com-garagem-128m2-venda-RS950000-id-2911262415/?source=ranking%2Cunknown,2026-09-27
2911225121,R$ 1.900.000,isento,R$ 3.000,361 m²,4,2,3,Asa Sul,Asa Sul,casa,False,https://www.vivareal.com.br/imovel/casa-4-quartos-asa-sul-bairros-brasilia-com-garagem-361m2-venda-RS1900000-id-2911225121/?source=ranking%2Cunknown,2026-09-27
,R$ 460.000,isento,isento,30 m²,1,1,1,Asa Sul,Asa Sul,casa,False,,2026-09-27
2873989792,R$ 1.000.000,isento,isento,256 m²,4,7,2,Asa Sul,Asa Sul,casa,False,https://www.vivareal.com.br/imovel/casa-4-quartos-asa-sul-bairros-brasilia-com-garagem-256m2-venda-RS1000000-id-2873989792/?source=ranking%2Cunknown,2026-09-27
2904721906,R$ 1.300.000,isento,R$ 2.451,200 m²,3,5,2,Asa Sul,Asa Sul,casa,False,https://www.vivareal.com.br/imovel/casa-3-quartos-asa-sul-bairros-brasilia-com-garagem-200m2-venda-RS1300000-id-2904721906/?source=ranking%2Cunknown,2026-09-27
2830882055,R$ 2.000.000,isento,R$ 693,454 m²,4,7,2,Asa Sul,Asa Sul,casa,False,https://www.vivareal.com.br/imovel/casa-4-quartos-asa-sul-bairros-brasilia-com-garagem-454m2-venda-RS2000000-id-2830882055/?source=ranking%2Cunknown,2026-09-27
2832069730,R$ 1.700.000,isento,isento,350 m²,8,6,2,Asa Sul,Asa Sul,casa,False,https://www.vivareal.com.br/imovel/sobrado-8-quartos-asa-sul-bairros-brasilia-com-garagem-350m2-venda-RS1700000-id-2832069730/?source=ranking%2Cunknown,2026-09-27
2890733877,R$ 4.000.000,isento,R$ 2.400,247 m²,3,5,3,Asa Sul,Asa Sul,casa,False,https://www.vivareal.com.br/imovel/casa-3-quartos-asa-sul-bairros-brasilia-com-garagem-247m2-venda-RS4000000-id-2890733877/?source=ranking%2Cunknown,2026-09-27
2706481415,R$ 1.980.000,isento,isento,301 m²,4,1,2,Asa Sul,Asa Sul,casa,False,https://www.vivareal.com.br/imovel/casa-4-quartos-asa-sul-bairros-brasilia-com-garagem-301m2-venda-RS1980000-id-2706481415/?source=ranking%2Cunknown,2026-09-27
2878274481,R$ 860.000,isento,R$ 1.930,99 m²,3,1,3,Asa Sul,Asa Sul,casa,False,https://www.vivareal.com.br/imovel/casa-3-quartos-asa-sul-bairros-brasilia-com-garagem-99m2-venda-RS860000-id-2878274481/?source=ranking%2Cunknown,2026-09-27
2758842032,R$ 69.000,isento,isento,57 m²,2,2,1,Asa Sul,Asa Sul,apartamento,False,https://www.vivareal.com.br/imovel/apartamento-2-quartos-asa-sul-bairros-brasilia-com-garagem-57m2-venda-RS69000-id-2758842032/?source=ranking%2Cunknown,2026-09-27
2889651112,A partir de R$ 1.964.760,,,110 - 275 m²,3,3 - 5,2 - 4,Asa Sul,Asa Sul,apartamento,True,https://www.vivareal.com.br/imoveis-lancamentos/yard-id-2889651112/?development_unit_id=2889651112&source=ranking%2Cunknown,2026-09-27
2881428813,R$ 1.150.000,R$ 1.259,R$ 384,87 m²,3,3,,Asa Sul,Asa Sul,apartamento,False,https://www.vivareal.com.br/imovel/apartamento-3-quartos-asa-sul-bairros-brasilia-87m2-venda-RS1150000-id-2881428813/?source=ranking%2Cunknown,2026-09-27
2761257682,R$ 69.000,isento,isento,57 m²,2,2,1,Asa Sul,Asa Sul,apartamento,False,https://www.vivareal.com.br/imovel/apartamento-2-quartos-asa-sul-bairros-brasilia-com-garagem-57m2-venda-RS69000-id-2761257682/?source=ranking%2Cunknown,2026-09-27
2907172023,R$ 1.100.000,R$ 900,R$ 2.224,119 m²,3,3,,Asa Sul,Asa Sul,apartamento,False,https://www.vivareal.com.br/imovel/apartamento-3-quartos-asa-sul-bairros-brasilia-119m2-venda-RS1100000-id-2907172023/?source=ranking%2Cunknown,2026-09-27
2905536142,R$ 80.000,isento,R$ 200,50 m²,2,1,1,Asa Sul,Asa Sul,apartamento,False,https://www.vivareal.com.br/imovel/apartamento-2-quartos-asa-sul-bairros-brasilia-com-garagem-50m2-venda-RS80000-id-2905536142/?source=ranking%2Cunknown,2026-09-27
2886677717,R$ 500.000,isento,isento,116 m²,3,3,,Asa Sul,Asa Sul,apartamento,False,https://www.vivareal.com.br/imovel/apartamento-3-quartos-asa-sul-bairros-brasilia-116m2-venda-RS500000-id-2886677717/?source=ranking%2Cunknown,2026-09-27
2820357236,R$ 928.920,isento,isento,57 m²,2,2,1,Asa Sul,Asa Sul,apartamento,False,https://www.vivareal.com.br/imovel/apartamento-2-quartos-asa-sul-bairros-brasilia-com-garagem-57m2-venda-RS928920-id-2820357236/?source=ranking%2Cunknown,2026-09-27
2909722029,R$ 1.600.000,R$ 1.100,R$ 1.867,104 m²,3,2,,Asa Sul,Asa Sul,apartamento,False,https://www.vivareal.com.br/imovel/apartamento-3-quartos-asa-sul-bairros-brasilia-104m2-venda-RS1600000-id-2909722029/?source=ranking%2Cunknown,2026-09-27
2912539737,R$ 1.120.000,R$ 780,isento,65 m²,2,2,,Asa Sul,Asa Sul,apartamento,False,https://www.vivareal.com.br/imovel/apartamento-2-quartos-asa-sul-bairros-brasilia-65m2-venda-RS1120000-id-2912539737/?source=ranking%2Cunknown,2026-09-27
2764253239,R$ 928.930,isento,isento,57 m²,2,2,1,Asa Sul,Asa Sul,apartamento,False,https://www.vivareal.com.br/imovel/apartamento-2-quartos-asa-sul-bairros-brasilia-com-garagem-57m2-venda-RS928930-id-2764253239/?source=ranking%2Cunknown,2026-09-27
2898681724,R$ 1.800.000,R$ 1.170,R$ 2.630,136 m²,3,3,1,Asa Sul,Asa Sul,apartamento,False,https://www.vivareal.com.br/imovel/apartamento-3-quartos-asa-sul-bairros-brasilia-com-garagem-136m2-venda-RS1800000-id-2898681724/?source=ranking%2Cunknown,2026-09-27
2821614226,R$ 1.289.000,isento,isento,102 m²,2,2,1,Asa Sul,Asa Sul,apartamento,False,https://www.vivareal.com.br/imovel/apartamento-2-quartos-asa-sul-bairros-brasilia-com-garagem-102m2-venda-RS1289000-id-2821614226/?source=ranking%2Cunknown,2026-09-27
2913953936,R$ 1.490.000,R$ 1.498,R$ 2.510,133 m²,3,4,,Asa Sul,Asa Sul,apartamento,False,https://www.vivareal.com.br/imovel/apartamento-3-quartos-asa-sul-bairros-brasilia-133m2-venda-RS1490000-id-2913953936/?source=ranking%2Cunknown,2026-09-27
2762733540,R$ 928.936,isento,isento,57 m²,2,2,1,Asa Sul,Asa Sul,apartamento,False,https://www.vivareal.com.br/imovel/apartamento-2-quartos-asa-sul-bairros-brasilia-com-garagem-57m2-venda-RS928936-id-2762733540/?source=ranking%2Cunknown,2026-09-27
2758835613,R$ 928.939,isento,isento,57 m²,2,2,1,Asa Sul,Asa Sul,apartamento,False,https://www.vivareal.com.br/imovel/apartamento-2-quartos-asa-sul-bairros-brasilia-com-garagem-57m2-venda-RS928939-id-2758835613/?source=ranking%2Cunknown,2026-09-27
2885653594,R$ 927.150,isento,isento,57 m²,2,2,1,Asa Sul,Setores Complementares,apartamento,False,https://www.vivareal.com.br/imovel/apartamento-2-quartos-asa-sul-bairros-brasilia-com-garagem-57m2-venda-RS927150-id-2885653594/?source=ranking%2Cunknown,2026-09-27
2508694284,R$ 3.100.000,R$ 2.072,isento,240 m²,4,5,2,Asa Sul,Asa Sul,apartamento,False,https://www.vivareal.com.br/imovel/apartamento-4-quartos-asa-sul-bairros-brasilia-com-garagem-240m2-venda-RS3100000-id-2508694284/?source=ranking%2Cunknown,2026-09-27
2897150878,R$ 2.080.000,R$ 1.000,R$ 3.000,157 m²,3,3,1,Asa Sul,Asa Sul,apartamento,False,https://www.vivareal.com.br/imovel/apartamento-3-quartos-asa-sul-bairros-brasilia-com-garagem-157m2-venda-RS2080000-id-2897150878/?source=ranking%2Cunknown,2026-09-27
2766024614,R$ 928.900,isento,isento,57 m²,2,2,1,Asa Sul,Asa Sul,apartamento,False,https://www.vivareal.com.br/imovel/apartamento-2-quartos-asa-sul-bairros-brasilia-com-garagem-57m2-venda-RS928900-id-2766024614/?source=ranking%2Cunknown,2026-09-27
2900316486,R$ 2.299.000,isento,isento,80 m²,2,2,,Asa Sul,Asa Sul,apartamento,False,https://www.vivareal.com.br/imovel/apartamento-2-quartos-asa-sul-bairros-brasilia-80m2-venda-RS2299000-id-2900316486/?source=ranking%2Cunknown,2026-09-27
2912799933,R$ 289.000,R$ 535,R$ 2.000,42 m²,,1,1,Asa Sul,Asa Sul,apartamento,False,https://www.vivareal.com.br/imovel/apartamento-asa-sul-bairros-brasilia-com-garagem-42m2-venda-RS289000-id-2912799933/?source=ranking%2Cunknown,2026-09-27
2900799901,R$ 2.000.000,R$ 1.400,R$ 3.674,157 m²,4,3,1,Asa Sul,Asa Sul,apartamento,False,https://www.vivareal.com.br/imovel/apartamento-4-quartos-asa-sul-bairros-brasilia-com-garagem-157m2-venda-RS2000000-id-2900799901/?source=ranking%2Cunknown,2026-09-27
2836890236,R$ 650.000,R$ 675,isento,42 m²,1,2,,Asa Sul,Asa Sul,apartamento,False,https://www.vivareal.com.br/imovel/apartamento-1-quartos-asa-sul-bairros-brasilia-42m2-venda-RS650000-id-2836890236/?source=ranking%2Cunknown,2026-09-27
2759819444,R$ 928.931,isento,isento,57 m²,2,2,1,Asa Sul,Asa Sul,apartamento,False,https://www.vivareal.com.br/imovel/apartamento-2-quartos-asa-sul-bairros-brasilia-com-garagem-57m2-venda-RS928931-id-2759819444/?source=ranking%2Cunknown,2026-09-27
2766267726,R$ 928.939,isento,isento,57 m²,2,2,1,Asa Sul,Asa Sul,apartamento,False,https://www.vivareal.com.br/imovel/apartamento-2-quartos-asa-sul-bairros-brasilia-com-garagem-57m2-venda-RS928939-id-2766267726/?source=ranking%2Cunknown,2026-09-27
2902478128,R$ 710.000,R$ 500,isento,54 m²,2,1,,Asa Sul,Asa Sul,apartamento,False,https://www.vivareal.com.br/imovel/apartamento-2-quartos-asa-sul-bairros-brasilia-54m2-venda-RS710000-id-2902478128/?source=ranking%2Cunknown,2026-09-27
2909546942,R$ 1.230.000,R$ 950,R$ 1.240,119 m²,3,3,,Asa Sul,Asa Sul,apartamento,False,https://www.vivareal.com.br/imovel/apartamento-3-quartos-asa-sul-bairros-brasilia-119m2-venda-RS1230000-id-2909546942/?source=ranking%2Cunknown,2026-09-27
2906607322,R$ 80.000,isento,R$ 200,50 m²,2,1,1,Asa Sul,Asa Sul,apartamento,False,https://www.vivareal.com.br/imovel/apartamento-2-quartos-asa-sul-bairros-brasilia-com-garagem-50m2-venda-RS80000-id-2906607322/?source=ranking%2Cunknown,2026-09-27
2887507583,R$ 1.790.000,R$ 1.360,R$ 3.064,116 m²,2,3,1,Asa Sul,Asa Sul,apartamento,False,https://www.vivareal.com.br/imovel/apartamento-2-quartos-asa-sul-bairros-brasilia-com-garagem-116m2-venda-RS1790000-id-2887507583/?source=ranking%2Cunknown,2026-09-27
2897150784,R$ 2.050.000,R$ 1.000,R$ 2.938,127 m²,3,3,1,Asa Sul,Asa Sul,apartamento,False,https://www.vivareal.com.br/imovel/apartamento-3-quartos-asa-sul-bairros-brasilia-com-garagem-127m2-venda-RS2050000-id-2897150784/?source=ranking%2Cunknown,2026-09-27
2780330076,R$ 928.938,isento,isento,57 m²,2,2,1,Asa Sul,Asa Sul,apartamento,False,https://www.vivareal.com.br/imovel/apartamento-2-quartos-asa-sul-bairros-brasilia-com-garagem-57m2-venda-RS928938-id-2780330076/?source=ranking%2Cunknown,2026-09-27
2764273423,R$ 928.925,isento,isento,57 m²,2,2,1,Asa Sul,Asa Sul,apartamento,False,https://www.vivareal.com.br/imovel/apartamento-2-quartos-asa-sul-bairros-brasilia-com-garagem-57m2-venda-RS928925-id-2764273423/?source=ranking%2Cunknown,2026-09-27
2821619341,R$ 1.419.000,isento,isento,106 m²,2,2,1,Asa Sul,Asa Sul,apartamento,False,https://www.vivareal.com.br/imovel/apartamento-2-quartos-asa-sul-bairros-brasilia-com-garagem-106m2-venda-RS1419000-id-2821619341/?source=ranking%2Cunknown,2026-09-27
2878278485,R$ 1.570.000,R$ 1.200,isento,91 m²,3,3,1,Asa Sul,Asa Sul,apartamento,False,https://www.vivareal.com.br/imovel/apartamento-3-quartos-asa-sul-bairros-brasilia-com-garagem-91m2-venda-RS1570000-id-2878278485/?source=ranking%2Cunknown,2026-09-27
2905900719,R$ 1.090.000,R$ 1.080,R$ 1.965,64 m²,2,2,,Asa Sul,Asa Sul,apartamento,False,https://www.vivareal.com.br/imovel/apartamento-2-quartos-asa-sul-bairros-brasilia-64m2-venda-RS1090000-id-2905900719/?source=ranking%2Cunknown,2026-09-27
2911545921,R$ 469.000,R$ 504,R$ 2.333,50 m²,2,1,,Asa Sul,Asa Sul,apartamento,False,https://www.vivareal.com.br/imovel/apartamento-2-quartos-asa-sul-bairros-brasilia-50m2-venda-RS469000-id-2911545921/?source=ranking%2Cunknown,2026-09-27
2897283804,R$ 1.280.000,R$ 1.000,R$ 2.356,123 m²,3,3,,Asa Sul,Asa Sul,apartamento,False,https://www.vivareal.com.br/imovel/apartamento-3-quartos-asa-sul-bairros-brasilia-123m2-venda-RS1280000-id-2897283804/?source=ranking%2Cunknown,2026-09-27
2872640080,R$ 1.570.000,R$ 1.200,R$ 2.855,90 m²,3,3,1,Asa Sul,Asa Sul,apartamento,False,https://www.vivareal.com.br/imovel/apartamento-3-quartos-asa-sul-bairros-brasilia-com-garagem-90m2-venda-RS1570000-id-2872640080/?source=ranking%2Cunknown,2026-09-27
2877725575,R$ 850.000,R$ 450,isento,64 m²,3,3,,Asa Sul,Asa Sul,apartamento,False,https://www.vivareal.com.br/imovel/apartamento-3-quartos-asa-sul-bairros-brasilia-64m2-venda-RS850000-id-2877725575/?source=ranking%2Cunknown,2026-09-27
2913754824,R$ 1.119.000,isento,isento,61 m²,2,2,1,Asa Sul,Asa Sul,apartamento,False,https://www.vivareal.com.br/imovel/apartamento-2-quartos-vila-da-telebrasilia-bairros-brasilia-com-garagem-61m2-venda-RS1119000-id-2913754824/?source=ranking%2Cunknown,2026-09-27
2878278489,R$ 790.000,R$ 1.200,isento,48 m²,1,1,1,Asa Sul,Asa Sul,apartamento,False,https://www.vivareal.com.br/imovel/apartamento-1-quartos-asa-sul-bairros-brasilia-com-garagem-48m2-venda-RS790000-id-2878278489/?source=ranking%2Cunknown,2026-09-27
2879945099,R$ 390.000,R$ 620,R$ 133,35 m²,1,1,1,Asa Sul,Asa Sul,apartamento,False,https://www.vivareal.com.br/imovel/apartamento-1-quartos-asa-sul-bairros-brasilia-com-garagem-35m2-venda-RS390000-id-2879945099/?source=ranking%2Cunknown,2026-09-27
2912821976,R$ 1.090.000,R$ 1.191,R$ 1.891,60 m²,2,2,,Asa Sul,Asa Sul,apartamento,False,https://www.vivareal.com.br/imovel/apartamento-2-quartos-asa-sul-bairros-brasilia-60m2-venda-RS1090000-id-2912821976/?source=ranking%2Cunknown,2026-09-27
2821084538,R$ 374.092,,,45 m²,2,1,1,Asa Sul,Asa Sul,apartamento,False,https://www.vivareal.com.br/imoveis-lancamentos/vida-samambaia-id-2821086622/?development_unit_id=2821084538&source=ranking%2Cunknown,2026-09-27
2845878735,R$ 2.490.000,R$ 1.600,R$ 3.189,182 m²,4,3,1,Asa Sul,Asa Sul,apartamento,False,https://www.vivareal.com.br/imovel/apartamento-4-quartos-asa-sul-bairros-brasilia-com-garagem-182m2-venda-RS2490000-id-2845878735/?source=ranking%2Cunknown,2026-09-27
2889925578,R$ 1.200.000,isento,isento,90 m²,2,2,,Asa Sul,Asa Sul,apartamento,False,https://www.vivareal.com.br/imovel/apartamento-2-quartos-asa-sul-bairros-brasilia-90m2-venda-RS1200000-id-2889925578/?source=ranking%2Cunknown,2026-09-27
2902074377,R$ 950.000,R$ 900,isento,80 m²,3,1,,Asa Sul,Asa Sul,apartamento,False,https://www.vivareal.com.br/imovel/apartamento-3-quartos-asa-sul-bairros-brasilia-80m2-venda-RS950000-id-2902074377/?source=ranking%2Cunknown,2026-09-27
2901259310,R$ 1.700.000,isento,isento,126 m²,3,3,2,Asa Sul,Asa Sul,apartamento,False,https://www.vivareal.com.br/imovel/apartamento-3-quartos-asa-sul-bairros-brasilia-com-garagem-126m2-venda-RS1700000-id-2901259310/?source=ranking%2Cunknown,2026-09-27
2904663245,R$ 1.580.000,isento,isento,112 m²,3,3,1,Asa Sul,Asa Sul,apartamento,False,https://www.vivareal.com.br/imovel/apartamento-3-quartos-asa-sul-bairros-brasilia-com-garagem-112m2-venda-RS1580000-id-2904663245/?source=ranking%2Cunknown,2026-09-27
2878663884,R$ 730.000,R$ 1.200,isento,48 m²,1,1,1,Asa Sul,Asa Sul,apartamento,False,https://www.vivareal.com.br/imovel/apartamento-1-quartos-asa-sul-bairros-brasilia-com-garagem-48m2-venda-RS730000-id-2878663884/?source=ranking%2Cunknown,2026-09-27
2906971314,R$ 1.900.000,R$ 1.700,isento,97 m²,3,3,1,Asa Sul,Asa Sul,apartamento,False,https://www.vivareal.com.br/imovel/apartamento-3-quartos-asa-sul-bairros-brasilia-com-garagem-97m2-venda-RS1900000-id-2906971314/?source=ranking%2Cunknown,2026-09-27
2868818868,R$ 1.950.000,R$ 1.150,isento,120 m²,3,2,1,Asa Sul,Asa Sul,apartamento,False,https://www.vivareal.com.br/imovel/apartamento-3-quartos-asa-sul-bairros-brasilia-com-garagem-120m2-venda-RS1950000-id-2868818868/?source=ranking%2Cunknown,2026-09-27
2898991675,R$ 795.000,R$ 750,R$ 164,83 m²,3,1,,Asa Sul,Asa Sul,apartamento,False,https://www.vivareal.com.br/imovel/apartamento-3-quartos-asa-sul-bairros-brasilia-83m2-venda-RS795000-id-2898991675/?source=ranking%2Cunknown,2026-09-27
2878758673,R$ 850.000,R$ 400,isento,54 m²,2,2,,Asa Sul,Asa Sul,apartamento,False,https://www.vivareal.com.br/imovel/apartamento-2-quartos-asa-sul-bairros-brasilia-54m2-venda-RS850000-id-2878758673/?source=ranking%2Cunknown,2026-09-27
2775818921,R$ 1.600.000,R$ 1.465,R$ 2.564,125 m²,3,2,1,Asa Sul,Asa Sul,apartamento,False,https://www.vivareal.com.br/imovel/apartamento-3-quartos-asa-sul-bairros-brasilia-com-garagem-125m2-venda-RS1600000-id-2775818921/?source=ranking%2Cunknown,2026-09-27
2792709925,R$ 2.499.999,R$ 1.573,isento,115 m²,2,3,1,Asa Sul,Asa Sul,apartamento,False,https://www.vivareal.com.br/imovel/apartamento-2-quartos-asa-sul-bairros-brasilia-com-garagem-115m2-venda-RS2499999-id-2792709925/?source=ranking%2Cunknown,2026-09-27
2913967970,R$ 1.200.000,R$ 550,isento,82 m²,2,2,,Asa Sul,Asa Sul,apartamento,False,https://www.vivareal.com.br/imovel/apartamento-2-quartos-asa-sul-bairros-brasilia-82m2-venda-RS1200000-id-2913967970/?source=ranking%2Cunknown,2026-09-27
2910326435,R$ 2.160.000,R$ 1.290,isento,120 m²,3,4,1,Asa Sul,Asa Sul,apartamento,False,https://www.vivareal.com.br/imovel/apartamento-3-quartos-asa-sul-bairros-brasilia-com-garagem-120m2-venda-RS2160000-id-2910326435/?source=ranking%2Cunknown,2026-09-27
2875884622,R$ 849.000,isento,isento,87 m²,3,2,,Asa Sul,Asa Sul,apartamento,False,https://www.vivareal.com.br/imovel/apartamento-3-quartos-asa-sul-bairros-brasilia-87m2-venda-RS849000-id-2875884622/?source=ranking%2Cunknown,2026-09-27
2895152908,R$ 2.400.000,isento,isento,170 m²,4,5,1,Asa Sul,Asa Sul,apartamento,False,https://www.vivareal.com.br/imovel/apartamento-4-quartos-asa-sul-bairros-brasilia-com-garagem-170m2-venda-RS2400000-id-2895152908/?source=ranking%2Cunknown,2026-09-27
2906760722,R$ 1.550.000,R$ 1.230,R$ 2.474,98 m²,3,2,,Asa Sul,Asa Sul,apartamento,False,https://www.vivareal.com.br/imovel/apartamento-3-quartos-asa-sul-bairros-brasilia-98m2-venda-RS1550000-id-2906760722/?source=ranking%2Cunknown,2026-09-27
2902156401,R$ 1.750.000,R$ 1.650,R$ 2.840,161 m²,3,3,,Asa Sul,Asa Sul,apartamento,False,https://www.vivareal.com.br/imovel/apartamento-3-quartos-asa-sul-bairros-brasilia-161m2-venda-RS1750000-id-2902156401/?source=ranking%2Cunknown,2026-09-27
2906093613,R$ 1.770.000,R$ 1.413,R$ 2.811,119 m²,3,3,1,Asa Sul,Asa Sul,apartamento,False,https://www.vivareal.com.br/imovel/apartamento-3-quartos-asa-sul-bairros-brasilia-com-garagem-119m2-venda-RS1770000-id-2906093613/?source=ranking%2Cunknown,2026-09-27
2887925278,R$ 1.430.000,R$ 1.200,R$ 2.163,95 m²,2,1,1,Asa Sul,Asa Sul,apartamento,False,https://www.vivareal.com.br/imovel/apartamento-2-quartos-asa-sul-bairros-brasilia-com-garagem-95m2-venda-RS1430000-id-2887925278/?source=ranking%2Cunknown,2026-09-27
2848665694,R$ 1.590.000,R$ 1.038,R$ 2.000,136 m²,3,1,1,Asa Sul,Asa Sul,apartamento,False,https://www.vivareal.com.br/imovel/apartamento-3-quartos-asa-sul-bairros-brasilia-com-garagem-136m2-venda-RS1590000-id-2848665694/?source=ranking%2Cunknown,2026-09-27
2913926883,R$ 700.000,R$ 1.004,R$ 2.224,48 m²,1,1,1,Asa Sul,Asa Sul,apartamento,False,https://www.vivareal.com.br/imovel/apartamento-1-quartos-asa-sul-bairros-brasilia-com-garagem-48m2-venda-RS700000-id-2913926883/?source=ranking%2Cunknown,2026-09-27
2890231473,R$ 2.300.000,R$ 1.200,isento,157 m²,4,5,,Asa Sul,Asa Sul,apartamento,False,https://www.vivareal.com.br/imovel/apartamento-4-quartos-aguas-claras-bairros-brasilia-157m2-venda-RS2300000-id-2890231473/?source=ranking%2Cunknown,2026-09-27
2904921694,R$ 345.000,R$ 308,R$ 90,28 m²,1,1,1,Asa Sul,Asa Sul,apartamento,False,https://www.vivareal.com.br/imovel/apartamento-1-quartos-asa-sul-bairros-brasilia-com-garagem-28m2-venda-RS345000-id-2904921694/?source=ranking%2Cunknown,2026-09-27
2864021296,R$ 2.100.000,R$ 1.500,isento,151 m²,2,1,1,Asa Sul,Asa Sul,apartamento,False,https://www.vivareal.com.br/imovel/apartamento-2-quartos-asa-sul-bairros-brasilia-com-garagem-151m2-venda-RS2100000-id-2864021296/?source=ranking%2Cunknown,2026-09-27
2870998973,R$ 520.000,R$ 450,R$ 1.222,44 m²,1,1,,Asa Sul,Asa Sul,apartamento,False,https://www.vivareal.com.br/imovel/apartamento-1-quartos-asa-sul-bairros-brasilia-44m2-venda-RS520000-id-2870998973/?source=ranking%2Cunknown,2026-09-27
2887918991,R$ 1.290.000,R$ 1.000,R$ 2.652,91 m²,3,3,1,Asa Sul,Asa Sul,apartamento,False,https://www.vivareal.com.br/imovel/apartamento-3-quartos-asa-sul-bairros-brasilia-com-garagem-91m2-venda-RS1290000-id-2887918991/?source=ranking%2Cunknown,2026-09-27
2891107631,R$ 1.930.000,R$ 1.400,R$ 3.693,157 m²,3,3,1,Asa Sul,Asa Sul,apartamento,False,https://www.vivareal.com.br/imovel/apartamento-3-quartos-asa-sul-bairros-brasilia-com-garagem-157m2-venda-RS1930000-id-2891107631/?source=ranking%2Cunknown,2026-09-27
2809275876,R$ 2.199.000,isento,R$ 3.504,157 m²,3,3,1,Asa Sul,Asa Sul,apartamento,False,https://www.vivareal.com.br/imovel/apartamento-3-quartos-asa-sul-bairros-brasilia-com-garagem-157m2-venda-RS2199000-id-2809275876/?source=ranking%2Cunknown,2026-09-27
2885640493,R$ 949.500,isento,isento,57 m²,2,2,1,Asa Sul,Setores Complementares,apartamento,False,https://www.vivareal.com.br/imovel/apartamento-2-quartos-asa-sul-bairros-brasilia-com-garagem-57m2-venda-RS949500-id-2885640493/?source=ranking%2Cunknown,2026-09-27
2853020039,R$ 790.000,R$ 800,R$ 1.773,117 m²,3,2,,Asa Sul,Asa Sul,apartamento,False,https://www.vivareal.com.br/imovel/apartamento-3-quartos-asa-sul-bairros-brasilia-117m2-venda-RS790000-id-2853020039/?source=ranking%2Cunknown,2026-09-27
2864019705,R$ 2.490.000,R$ 1.606,isento,182 m²,4,3,1,Asa Sul,Asa Sul,apartamento,False,https://www.vivareal.com.br/imovel/apartamento-4-quartos-asa-sul-bairros-brasilia-com-garagem-182m2-venda-RS2490000-id-2864019705/?source=ranking%2Cunknown,2026-09-27
2906172208,R$ 829.000,R$ 640,R$ 150,86 m²,3,2,,Asa Sul,Asa Sul,apartamento,False,https://www.vivareal.com.br/imovel/apartamento-3-quartos-asa-sul-bairros-brasilia-86m2-venda-RS829000-id-2906172208/?source=ranking%2Cunknown,2026-09-27
2906400671,R$ 540.000,R$ 498,R$ 1.056,39 m²,1,1,,Asa Sul,Asa Sul,apartamento,False,https://www.vivareal.com.br/imovel/apartamento-1-quartos-asa-sul-bairros-brasilia-39m2-venda-RS540000-id-2906400671/?source=ranking%2Cunknown,2026-09-27
2914243633,R$ 900.000,isento,R$ 1.701,80 m²,3,2,,Asa Sul,Asa Sul,apartamento,False,https://www.vivareal.com.br/imovel/apartamento-3-quartos-asa-sul-bairros-brasilia-80m2-venda-RS900000-id-2914243633/?source=ranking%2Cunknown,2026-09-27
2792219821,R$ 1.280.000,R$ 1.075,R$ 2.412,86 m²,3,3,1,Asa Sul,Asa Sul,apartamento,False,https://www.vivareal.com.br/imovel/apartamento-3-quartos-asa-sul-bairros-brasilia-com-garagem-86m2-venda-RS1280000-id-2792219821/?source=ranking%2Cunknown,2026-09-27
2887434184,R$ 630.000,R$ 601,R$ 250,43 m²,1,1,,Asa Sul,Asa Sul,apartamento,False,https://www.vivareal.com.br/imovel/apartamento-1-quartos-asa-sul-bairros-brasilia-43m2-venda-RS630000-id-2887434184/?source=ranking%2Cunknown,2026-09-27
2815070149,R$ 700.000,R$ 503,isento,40 m²,1,1,,Asa Sul,Asa Sul,apartamento,False,https://www.vivareal.com.br/imovel/apartamento-1-quartos-asa-sul-bairros-brasilia-40m2-venda-RS700000-id-2815070149/?source=ranking%2Cunknown,2026-09-27
2909245575,R$ 1.000.000,R$ 1.100,R$ 2.370,91 m²,3,2,,Asa Sul,Asa Sul,apartamento,False,https://www.vivareal.com.br/imovel/apartamento-3-quartos-asa-sul-bairros-brasilia-91m2-venda-RS1000000-id-2909245575/?source=ranking%2Cunknown,2026-09-27
2903336409,R$ 980.000,R$ 925,R$ 1.780,81 m²,3,2,,Asa Sul,Asa Sul,apartamento,False,https://www.vivareal.com.br/imovel/apartamento-3-quartos-asa-sul-bairros-brasilia-81m2-venda-RS980000-id-2903336409/?source=ranking%2Cunknown,2026-09-27
2881878686,R$ 2.050.000,R$ 1.000,R$ 2.938,124 m²,3,3,1,Asa Sul,Asa Sul,apartamento,False,https://www.vivareal.com.br/imovel/apartamento-3-quartos-asa-sul-bairros-brasilia-com-garagem-124m2-venda-RS2050000-id-2881878686/?source=ranking%2Cunknown,2026-09-27
2875882158,R$ 790.000,R$ 830,R$ 2.000,83 m²,3,1,,Asa Sul,Asa Sul,apartamento,False,https://www.vivareal.com.br/imovel/apartamento-3-quartos-asa-sul-bairros-brasilia-83m2-venda-RS790000-id-2875882158/?source=ranking%2Cunknown,2026-09-27
2912379831,R$ 2.450.000,isento,isento,163 m²,3,4,,Asa Sul,Asa Sul,apartamento,False,https://www.vivareal.com.br/imovel/apartamento-3-quartos-asa-sul-bairros-brasilia-163m2-venda-RS2450000-id-2912379831/?source=ranking%2Cunknown,2026-09-27
2883379585,R$ 2.400.000,R$ 1.170,R$ 4.095,200 m²,4,1,1,Asa Sul,Asa Sul,apartamento,False,https://www.vivareal.com.br/imovel/apartamento-4-quartos-asa-sul-bairros-brasilia-com-garagem-200m2-venda-RS2400000-id-2883379585/?source=ranking%2Cunknown,2026-09-27
2859154846,R$ 398.000,R$ 260,R$ 975,33 m²,1,1,,Asa Sul,Asa Sul,apartamento,False,https://www.vivareal.com.br/imovel/apartamento-1-quartos-asa-sul-bairros-brasilia-33m2-venda-RS398000-id-2859154846/?source=ranking%2Cunknown,2026-09-27
2896335825,R$ 1.950.000,R$ 2.160,isento,155 m²,4,3,1,Asa Sul,Asa Sul,apartamento,False,https://www.vivareal.com.br/imovel/apartamento-4-quartos-asa-sul-bairros-brasilia-com-garagem-155m2-venda-RS1950000-id-2896335825/?source=ranking%2Cunknown,2026-09-27
2912999828,R$ 650.000,R$ 650,isento,54 m²,2,1,,Asa Sul,Asa Sul,apartamento,False,https://www.vivareal.com.br/imovel/apartamento-2-quartos-asa-sul-bairros-brasilia-54m2-venda-RS650000-id-2912999828/?source=ranking%2Cunknown,2026-09-27
2893240486,R$ 830.000,isento,isento,58 m²,2,2,,Asa Sul,Asa Sul,apartamento,False,https://www.vivareal.com.br/imovel/apartamento-2-quartos-setor-de-habitacoes-individuais-norte-bairros-brasilia-58m2-venda-RS830000-id-2893240486/?source=ranking%2Cunknown,2026-09-27
2895461978,R$ 530.000,R$ 560,R$ 1.125,50 m²,2,1,,Asa Sul,Asa Sul,apartamento,False,https://www.vivareal.com.br/imovel/apartamento-2-quartos-asa-sul-bairros-brasilia-50m2-venda-RS530000-id-2895461978/?source=ranking%2Cunknown,2026-09-27
2850935719,R$ 2.200.000,R$ 1.800,isento,168 m²,3,3,1,Asa Sul,Asa Sul,apartamento,False,https://www.vivareal.com.br/imovel/apartamento-3-quartos-asa-sul-bairros-brasilia-com-garagem-168m2-venda-RS2200000-id-2850935719/?source=ranking%2Cunknown,2026-09-27
2903259062,R$ 630.000,R$ 670,R$ 1.140,53 m²,2,1,,Asa Sul,Asa Sul,apartamento,False,https://www.vivareal.com.br/imovel/apartamento-2-quartos-asa-sul-bairros-brasilia-53m2-venda-RS630000-id-2903259062/?source=ranking%2Cunknown,2026-09-27
2872507477,R$ 670.000,isento,isento,35 m²,1,1,1,Asa Sul,Asa Sul,apartamento,False,https://www.vivareal.com.br/imovel/apartamento-1-quartos-setor-noroeste-bairros-brasilia-com-garagem-35m2-venda-RS670000-id-2872507477/?source=ranking%2Cunknown,2026-09-27
2822518316,R$ 1.500.000,R$ 1.208,R$ 208,106 m²,3,3,1,Asa Sul,Asa Sul,apartamento,False,https://www.vivareal.com.br/imovel/apartamento-3-quartos-asa-sul-bairros-brasilia-com-garagem-106m2-venda-RS1500000-id-2822518316/?source=ranking%2Cunknown,2026-09-27
2901764211,R$ 4.500.000,R$ 3.606,R$ 6.286,288 m²,4,6,1,Asa Sul,Asa Sul,apartamento,False,https://www.vivareal.com.br/imovel/apartamento-4-quartos-asa-sul-bairros-brasilia-com-garagem-288m2-venda-RS4500000-id-2901764211/?source=ranking%2Cunknown,2026-09-27
2893860202,R$ 2.200.000,R$ 1.000,R$ 1.900,127 m²,3,3,1,Asa Sul,Asa Sul,apartamento,False,https://www.vivareal.com.br/imovel/apartamento-3-quartos-asa-sul-bairros-brasilia-com-garagem-127m2-venda-RS2200000-id-2893860202/?source=ranking%2Cunknown,2026-09-27
2909923321,R$ 590.000,R$ 490,R$ 1.706,58 m²,2,2,,Asa Sul,Asa Sul,apartamento,False,https://www.vivareal.com.br/imovel/apartamento-2-quartos-asa-sul-bairros-brasilia-58m2-venda-RS590000-id-2909923321/?source=ranking%2Cunknown,2026-09-27
2873629986,R$ 680.000,R$ 980,isento,43 m²,1,1,,Asa Sul,Asa Sul,apartamento,False,https://www.vivareal.com.br/imovel/apartamento-1-quartos-asa-sul-bairros-brasilia-43m2-venda-RS680000-id-2873629986/?source=ranking%2Cunknown,2026-09-27
2911410921,R$ 950.000,R$ 892,R$ 1.719,67 m²,2,1,,Asa Sul,Asa Sul,apartamento,False,https://www.vivareal.com.br/imovel/apartamento-2-quartos-asa-sul-bairros-brasilia-67m2-venda-RS950000-id-2911410921/?source=ranking%2Cunknown,2026-09-27
2905433014,R$ 2.200.000,isento,isento,164 m²,3,4,1,Asa Sul,Asa Sul,apartamento,False,https://www.vivareal.com.br/imovel/apartamento-3-quartos-asa-sul-bairros-brasilia-com-garagem-164m2-venda-RS2200000-id-2905433014/?source=ranking%2Cunknown,2026-09-27
2911014925,R$ 2.650.000,R$ 1.760,R$ 4.839,264 m²,4,5,,Asa Sul,Asa Sul,apartamento,False,https://www.vivareal.com.br/imovel/apartamento-4-quartos-asa-sul-bairros-brasilia-264m2-venda-RS2650000-id-2911014925/?source=ranking%2Cunknown,2026-09-27
2903414620,R$ 4.400.000,R$ 2.000,R$ 10.000,197 m²,4,4,4,Asa Sul,Asa Sul,apartamento,False,https://www.vivareal.com.br/imovel/apartamento-4-quartos-setor-noroeste-bairros-brasilia-com-garagem-197m2-venda-RS4400000-id-2903414620/?source=ranking%2Cunknown,2026-09-27
2906323240,R$ 1.000.000,isento,isento,40 m²,1,1,,Asa Sul,Asa Sul,apartamento,False,https://www.vivareal.com.br/imovel/apartamento-1-quartos-asa-sul-bairros-brasilia-40m2-venda-RS1000000-id-2906323240/?source=ranking%2Cunknown,2026-09-27
2845878734,R$ 2.150.000,R$ 4.317,R$ 7.462,170 m²,2,3,1,Asa Sul,Asa Sul,apartamento,False,https://www.vivareal.com.br/imovel/apartamento-2-quartos-asa-sul-bairros-brasilia-com-garagem-170m2-venda-RS2150000-id-2845878734/?source=ranking%2Cunknown,2026-09-27
2886873221,R$ 1.400.000,R$ 1.511,R$ 3.060,109 m²,3,3,1,Asa Sul,Asa Sul,apartamento,False,https://www.vivareal.com.br/imovel/apartamento-3-quartos-asa-sul-bairros-brasilia-com-garagem-109m2-venda-RS1400000-id-2886873221/?source=ranking%2Cunknown,2026-09-27
2837545571,R$ 699.000,isento,isento,57 m²,1,1,,Asa Sul,Asa Sul,apartamento,False,https://www.vivareal.com.br/imovel/apartamento-1-quartos-asa-sul-bairros-brasilia-57m2-venda-RS699000-id-2837545571/?source=ranking%2Cunknown,2026-09-27
2881945381,R$ 5.990.000,isento,isento,279 m²,4,5,3,Asa Sul,Asa Sul,apartamento,False,https://www.vivareal.com.br/imovel/apartamento-4-quartos-asa-sul-bairros-brasilia-com-garagem-279m2-venda-RS5990000-id-2881945381/?source=ranking%2Cunknown,2026-09-27
2883627370,R$ 1.100.000,R$ 1.265,isento,89 m²,3,2,,Asa Sul,Asa Sul,apartamento,False,https://www.vivareal.com.br/imovel/apartamento-3-quartos-asa-sul-bairros-brasilia-89m2-venda-RS1100000-id-2883627370/?source=ranking%2Cunknown,2026-09-27
2846763357,R$ 475.000,R$ 2.557,R$ 150,19 m²,1,1,,Asa Sul,Asa Sul,apartamento,False,https://www.vivareal.com.br/imovel/apartamento-1-quartos-asa-sul-bairros-brasilia-19m2-venda-RS475000-id-2846763357/?source=ranking%2Cunknown,2026-09-27
2878278792,R$ 699.000,R$ 3.100,R$ 1.453,57 m²,1,1,,Asa Sul,Asa Sul,apartamento,False,https://www.vivareal.com.br/imovel/apartamento-1-quartos-asa-sul-bairros-brasilia-57m2-venda-RS699000-id-2878278792/?source=ranking%2Cunknown,2026-09-27
2893144793,R$ 4.350.000,R$ 1.850,R$ 4.595,228 m²,4,5,2,Asa Sul,Asa Sul,apartamento,False,https://www.vivareal.com.br/imovel/apartamento-4-quartos-asa-sul-bairros-brasilia-com-garagem-228m2-venda-RS4350000-id-2893144793/?source=ranking%2Cunknown,2026-09-27
2892776992,R$ 2.750.000,R$ 2.200,R$ 5.954,218 m²,5,3,2,Asa Sul,Asa Sul,apartamento,False,https://www.vivareal.com.br/imovel/apartamento-5-quartos-asa-sul-bairros-brasilia-com-garagem-218m2-venda-RS2750000-id-2892776992/?source=ranking%2Cunknown,2026-09-27
2882677632,R$ 5.900.000,R$ 3.630,R$ 7.600,277 m²,4,5,3,Asa Sul,Asa Sul,apartamento,False,https://www.vivareal.com.br/imovel/apartamento-4-quartos-asa-sul-bairros-brasilia-com-garagem-277m2-venda-RS5900000-id-2882677632/?source=ranking%2Cunknown,2026-09-27
2910761651,R$ 5.851.495,isento,isento,403 m²,4,6,,Asa Sul,Asa Sul,apartamento,False,https://www.vivareal.com.br/imovel/apartamento-4-quartos-setor-noroeste-bairros-brasilia-403m2-venda-RS5851495-id-2910761651/?source=ranking%2Cunknown,2026-09-27
2889546895,R$ 3.900.000,R$ 2.236,R$ 4.182,221 m²,3,2,2,Asa Sul,Asa Sul,apartamento,False,https://www.vivareal.com.br/imovel/apartamento-3-quartos-asa-sul-bairros-brasilia-com-garagem-221m2-venda-RS3900000-id-2889546895/?source=ranking%2Cunknown,2026-09-27
2910763814,R$ 9.500.000,isento,isento,590 m²,4,5,,Asa Sul,Asa Sul,apartamento,False,https://www.vivareal.com.br/imovel/apartamento-4-quartos-setor-noroeste-bairros-brasilia-590m2-venda-RS9500000-id-2910763814/?source=ranking%2Cunknown,2026-09-27
2914405063,R$ 659.000,R$ 440,R$ 1.386,55 m²,2,2,,Asa Sul,Asa Sul,apartamento,False,https://www.vivareal.com.br/imovel/apartamento-2-quartos-asa-sul-bairros-brasilia-55m2-venda-RS659000-id-2914405063/?source=ranking%2Cunknown,2026-09-27
2875614401,R$ 1.730.000,isento,R$ 2.600,142 m²,2,3,2,Asa Norte,Asa Norte,cobertura,False,https://www.vivareal.com.br/imovel/cobertura-2-quartos-asa-norte-bairros-brasilia-com-garagem-142m2-venda-RS1730000-id-2875614401/?source=ranking%2Cunknown,2026-09-27
2907704885,R$ 1.450.000,R$ 1.726,R$ 233,140 m²,2,3,2,Asa Norte,Asa Norte,cobertura,False,https://www.vivareal.com.br/imovel/cobertura-2-quartos-asa-norte-bairros-brasilia-com-garagem-140m2-venda-RS1450000-id-2907704885/?source=ranking%2Cunknown,2026-09-27
2831993613,R$ 5.197.000,R$ 2.700,R$ 6.073,278 m²,3,6,4,Asa Norte,Asa Norte,cobertura,False,https://www.vivareal.com.br/imovel/cobertura-3-quartos-asa-norte-bairros-brasilia-com-garagem-278m2-venda-RS5197000-id-2831993613/?source=ranking%2Cunknown,2026-09-27
2868549897,R$ 2.440.000,R$ 2.300,R$ 3.848,222 m²,3,4,2,Asa Norte,Asa Norte,cobertura,False,https://www.vivareal.com.br/imovel/cobertura-3-quartos-asa-norte-bairros-brasilia-com-garagem-222m2-venda-RS2440000-id-2868549897/?source=ranking%2Cunknown,2026-09-27
2806424316,R$ 3.799.000,isento,isento,205 m²,3,5,3,Asa Norte,Asa Norte,cobertura,False,https://www.vivareal.com.br/imovel/cobertura-3-quartos-asa-norte-bairros-brasilia-com-garagem-205m2-venda-RS3799000-id-2806424316/?source=ranking%2Cunknown,2026-09-27
2842016815,R$ 2.150.000,R$ 2.122,R$ 3.241,190 m²,2,3,1,Asa Norte,Asa Norte,cobertura,False,https://www.vivareal.com.br/imovel/cobertura-2-quartos-asa-norte-bairros-brasilia-com-garagem-190m2-venda-RS2150000-id-2842016815/?source=ranking%2Cunknown,2026-09-27
2847288251,R$ 1.890.000,isento,isento,197 m²,2,4,1,Asa Norte,Asa Norte,cobertura,False,https://www.vivareal.com.br/imovel/cobertura-2-quartos-asa-norte-bairros-brasilia-com-garagem-197m2-venda-RS1890000-id-2847288251/?source=ranking%2Cunknown,2026-09-27
2913452916,R$ 790.000,R$ 1.630,isento,72 m²,1,1,1,Asa Norte,Asa Norte,cobertura,False,https://www.vivareal.com.br/imovel/apartamento-1-quartos-asa-norte-bairros-brasilia-com-garagem-72m2-venda-RS790000-id-2913452916/?source=ranking%2Cunknown,2026-09-27
2911333152,R$ 11.113.000,R$ 4.630,isento,430 m²,3,4,2,Asa Norte,Asa Norte,cobertura,False,https://www.vivareal.com.br/imovel/cobertura-3-quartos-asa-norte-bairros-brasilia-com-garagem-430m2-venda-RS11113000-id-2911333152/?source=ranking%2Cunknown,2026-09-27
2868549896,R$ 3.160.000,R$ 2.800,isento,238 m²,4,4,2,Asa Norte,Asa Norte,cobertura,False,https://www.vivareal.com.br/imovel/cobertura-4-quartos-asa-norte-bairros-brasilia-com-garagem-238m2-venda-RS3160000-id-2868549896/?source=ranking%2Cunknown,2026-09-27
2907968715,R$ 2.990.000,R$ 2.500,R$ 4.009,209 m²,4,4,2,Asa Norte,Asa Norte,cobertura,False,https://www.vivareal.com.br/imovel/cobertura-4-quartos-asa-norte-bairros-brasilia-com-garagem-209m2-venda-RS2990000-id-2907968715/?source=ranking%2Cunknown,2026-09-27
2892870675,R$ 699.000,R$ 1.000,R$ 1.452,44 m²,1,1,1,Asa Norte,Asa Norte,kitnet,False,https://www.vivareal.com.br/imovel/kitnet-1-quartos-asa-norte-bairros-brasilia-com-garagem-44m2-venda-RS699000-id-2892870675/?source=ranking%2Cunknown,2026-09-27
2569211412,R$ 195.000,R$ 214,R$ 1.686,22 m²,,1,,Asa Norte,Asa Norte,kitnet,False,https://www.vivareal.com.br/imovel/kitnet-asa-norte-bairros-brasilia-22m2-venda-RS195000-id-2569211412/?source=ranking%2Cunknown,2026-09-27
2902134477,R$ 300.000,R$ 476,R$ 187,25 m²,1,1,1,Asa Norte,Asa Norte,kitnet,False,https://www.vivareal.com.br/imovel/kitnet-1-quartos-asa-norte-bairros-brasilia-com-garagem-25m2-venda-RS300000-id-2902134477/?source=ranking%2Cunknown,2026-09-27
2899279179,R$ 285.000,R$ 314,R$ 132,31 m²,1,1,,Asa Norte,Asa Norte,kitnet,False,https://www.vivareal.com.br/imovel/kitnet-1-quartos-asa-norte-bairros-brasilia-31m2-venda-RS285000-id-2899279179/?source=ranking%2Cunknown,2026-09-27
2897587878,R$ 330.000,R$ 420,R$ 90,26 m²,1,1,1,Asa Norte,Asa Norte,kitnet,False,https://www.vivareal.com.br/imovel/kitnet-1-quartos-asa-norte-bairros-brasilia-com-garagem-26m2-venda-RS330000-id-2897587878/?source=ranking%2Cunknown,2026-09-27
2898949894,R$ 285.000,isento,isento,31 m²,1,1,,Asa Norte,Asa Norte,kitnet,False,https://www.vivareal.com.br/imovel/kitnet-1-quartos-asa-norte-bairros-brasilia-31m2-venda-RS285000-id-2898949894/?source=ranking%2Cunknown,2026-09-27
2864022254,R$ 225.000,R$ 100,R$ 132,23 m²,1,1,,Asa Norte,Asa Norte,kitnet,False,https://www.vivareal.com.br/imovel/kitnet-1-quartos-asa-norte-bairros-brasilia-23m2-venda-RS225000-id-2864022254/?source=ranking%2Cunknown,2026-09-27
2885288906,R$ 320.000,R$ 302,R$ 857,35 m²,1,1,,Asa Norte,Asa Norte,kitnet,False,https://www.vivareal.com.br/imovel/kitnet-1-quartos-asa-norte-bairros-brasilia-35m2-venda-RS320000-id-2885288906/?source=ranking%2Cunknown,2026-09-27
2878521035,R$ 335.250,isento,R$ 1.671,28 m²,1,1,,Asa Norte,Asa Norte,kitnet,False,https://www.vivareal.com.br/imovel/kitnet-1-quartos-asa-norte-bairros-brasilia-28m2-venda-RS335250-id-2878521035/?source=ranking%2Cunknown,2026-09-27
2874950900,R$ 250.000,isento,R$ 290,22 m²,1,1,,Asa Norte,Asa Norte,kitnet,False,https://www.vivareal.com.br/imovel/kitnet-1-quartos-asa-norte-bairros-brasilia-22m2-venda-RS250000-id-2874950900/?source=ranking%2Cunknown,2026-09-27
2907369817,R$ 330.000,R$ 370,R$ 717,23 m²,1,1,,Asa Norte,Asa Norte,kitnet,False,https://www.vivareal.com.br/imovel/kitnet-1-quartos-asa-norte-bairros-brasilia-23m2-venda-RS330000-id-2907369817/?source=ranking%2Cunknown,2026-09-27
2909515506,R$ 365.000,isento,isento,26 m²,1,1,1,Asa Norte,Asa Norte,kitnet,False,https://www.vivareal.com.br/imovel/kitnet-1-quartos-asa-norte-bairros-brasilia-com-garagem-26m2-venda-RS365000-id-2909515506/?source=ranking%2Cunknown,2026-09-27
2885245889,R$ 370.000,isento,isento,29 m²,1,1,1,Asa Norte,Asa Norte,kitnet,False,https://www.vivareal.com.br/imovel/kitnet-1-quartos-asa-norte-bairros-brasilia-com-garagem-29m2-venda-RS370000-id-2885245889/?source=ranking%2Cunknown,2026-09-27
2908205091,R$ 299.000,isento,isento,25 m²,1,1,1,Asa Norte,Asa Norte,kitnet,False,https://www.vivareal.com.br/imovel/kitnet-1-quartos-asa-norte-bairros-brasilia-com-garagem-25m2-venda-RS299000-id-2908205091/?source=ranking%2Cunknown,2026-09-27
2899276384,R$ 290.000,R$ 440,isento,25 m²,1,1,1,Asa Norte,Asa Norte,kitnet,False,https://www.vivareal.com.br/imovel/kitnet-1-quartos-asa-norte-bairros-brasilia-com-garagem-25m2-venda-RS290000-id-2899276384/?source=ranking%2Cunknown,2026-09-27
2879738895,R$ 370.000,R$ 345,R$ 350,27 m²,1,2,,Asa Norte,Asa Norte,kitnet,False,https://www.vivareal.com.br/imovel/kitnet-1-quartos-asa-norte-bairros-brasilia-27m2-venda-RS370000-id-2879738895/?source=ranking%2Cunknown,2026-09-27
2905286102,R$ 305.000,R$ 480,R$ 1.088,28 m²,,1,1,Asa Norte,Asa Norte,kitnet,False,https://www.vivareal.com.br/imovel/kitnet-asa-norte-bairros-brasilia-com-garagem-28m2-venda-RS305000-id-2905286102/?source=ranking%2Cunknown,2026-09-27
2904550801,R$ 450.000,R$ 453,R$ 1.020,30 m²,1,1,,Asa Norte,Asa Norte,kitnet,False,https://www.vivareal.com.br/imovel/kitnet-1-quartos-asa-norte-bairros-brasilia-30m2-venda-RS450000-id-2904550801/?source=ranking%2Cunknown,2026-09-27
2906862622,R$ 330.000,isento,isento,28 m²,1,1,,Asa Norte,Asa Norte,kitnet,False,https://www.vivareal.com.br/imovel/kitnet-1-quartos-asa-norte-bairros-brasilia-28m2-venda-RS330000-id-2906862622/?source=ranking%2Cunknown,2026-09-27
2882236351,R$ 200.000,R$ 286,isento,21 m²,,1,,Asa Norte,Asa Norte,kitnet,False,https://www.vivareal.com.br/imovel/kitnet-asa-norte-bairros-brasilia-21m2-venda-RS200000-id-2882236351/?source=ranking%2Cunknown,2026-09-27
2910736447,R$ 390.000,R$ 389,R$ 1.042,28 m²,1,1,1,Asa Norte,Asa Norte,kitnet,False,https://www.vivareal.com.br/imovel/kitnet-1-quartos-asa-norte-bairros-brasilia-com-garagem-28m2-venda-RS390000-id-2910736447/?source=ranking%2Cunknown,2026-09-27
2811985014,R$ 329.000,R$ 250,R$ 1.825,28 m²,1,1,,Asa Norte,Asa Norte,kitnet,False,https://www.vivareal.com.br/imovel/kitnet-1-quartos-asa-norte-bairros-brasilia-28m2-venda-RS329000-id-2811985014/?source=ranking%2Cunknown,2026-09-27
2878275879,R$ 450.000,R$ 485,R$ 800,30 m²,1,1,1,Asa Norte,Asa Norte,kitnet,False,https://www.vivareal.com.br/imovel/kitnet-1-quartos-asa-norte-bairros-brasilia-com-garagem-30m2-venda-RS450000-id-2878275879/?source=ranking%2Cunknown,2026-09-27
2912450842,R$ 350.000,isento,isento,1000 m²,3,2,3,Asa Norte,Asa Norte,casa,False,https://www.vivareal.com.br/imovel/casa-de-condominio-3-quartos-asa-norte-bairros-brasilia-com-garagem-1000m2-venda-RS350000-id-2912450842/?source=ranking%2Cunknown,2026-09-27
2743700654,R$ 1.540.000,isento,R$ 2.768,240 m²,4,3,4,Asa Norte,Asa Norte,casa,False,https://www.vivareal.com.br/imovel/casa-4-quartos-asa-norte-bairros-brasilia-com-garagem-240m2-venda-RS1540000-id-2743700654/?source=ranking%2Cunknown,2026-09-27
2819062520,R$ 1.799.000,isento,isento,289 m²,4,4,4,Asa Norte,Asa Norte,casa,False,https://www.vivareal.com.br/imovel/casa-4-quartos-asa-norte-bairros-brasilia-com-garagem-289m2-venda-RS1799000-id-2819062520/?source=ranking%2Cunknown,2026-09-27
2874108587,R$ 2.150.000,isento,isento,350 m²,6,5,4,Asa Norte,Asa Norte,casa,False,https://www.vivareal.com.br/imovel/casa-6-quartos-asa-norte-bairros-brasilia-com-garagem-350m2-venda-RS2150000-id-2874108587/?source=ranking%2Cunknown,2026-09-27
2839489860,R$ 1.670.000,isento,R$ 980,400 m²,6,4,1,Asa Norte,Asa Norte,casa,False,https://www.vivareal.com.br/imovel/casa-6-quartos-asa-norte-bairros-brasilia-com-garagem-400m2-venda-RS1670000-id-2839489860/?source=ranking%2Cunknown,2026-09-27
2908833517,R$ 1.470.000,isento,isento,1000 m²,3,2,3,Asa Norte,Asa Norte,casa,False,https://www.vivareal.com.br/imovel/casa-de-condominio-3-quartos-asa-norte-bairros-brasilia-com-garagem-1000m2-venda-RS1470000-id-2908833517/?source=ranking%2Cunknown,2026-09-27
2912462314,R$ 1.500.000,isento,isento,1000 m²,3,2,3,Asa Norte,Asa Norte,casa,False,https://www.vivareal.com.br/imovel/casa-de-condominio-3-quartos-asa-norte-bairros-brasilia-com-garagem-1000m2-venda-RS1500000-id-2912462314/?source=ranking%2Cunknown,2026-09-27
2912413928,R$ 1.470.000,isento,isento,1000 m²,3,2,3,Asa Norte,Asa Norte,casa,False,https://www.vivareal.com.br/imovel/casa-de-condominio-3-quartos-asa-norte-bairros-brasilia-com-garagem-1000m2-venda-RS1470000-id-2912413928/?source=ranking%2Cunknown,2026-09-27
2899524390,R$ 650.000,R$ 680,R$ 1.000,31 m²,1,1,2,Asa Norte,Asa Norte,casa,False,https://www.vivareal.com.br/imovel/casa-1-quartos-asa-norte-bairros-brasilia-com-garagem-31m2-venda-RS650000-id-2899524390/?source=ranking%2Cunknown,2026-09-27
2913867121,R$ 2.650.000,isento,isento,380 m²,5,5,,Asa Norte,Asa Norte,casa,False,https://www.vivareal.com.br/imovel/casa-5-quartos-asa-norte-bairros-brasilia-380m2-venda-RS2650000-id-2913867121/?source=ranking%2Cunknown,2026-09-27
2913524319,R$ 2.630.000,isento,isento,380 m²,5,6,,Asa Norte,Asa Norte,casa,False,https://www.vivareal.com.br/imovel/casa-5-quartos-asa-norte-bairros-brasilia-380m2-venda-RS2630000-id-2913524319/?source=ranking%2Cunknown,2026-09-27
2913855584,R$ 1.040.000,isento,isento,86 m²,2,2,,Asa Norte,Asa Norte,apartamento,False,https://www.vivareal.com.br/imovel/apartamento-2-quartos-asa-norte-bairros-brasilia-86m2-venda-RS1040000-id-2913855584/?source=ranking%2Cunknown,2026-09-27
2913698481,R$ 710.000,isento,isento,42 m²,1,1,1,Asa Norte,Asa Norte,apartamento,False,https://www.vivareal.com.br/imovel/flat-1-quartos-asa-norte-bairros-brasilia-com-garagem-42m2-venda-RS710000-id-2913698481/?source=ranking%2Cunknown,2026-09-27
2914290073,R$ 415.000,isento,isento,38 m²,1,1,,Asa Norte,Asa Norte,apartamento,False,https://www.vivareal.com.br/imovel/apartamento-1-quartos-asa-norte-bairros-brasilia-38m2-venda-RS415000-id-2914290073/?source=ranking%2Cunknown,2026-09-27
2909510623,R$ 670.000,R$ 1.350,R$ 2.091,49 m²,1,2,1,Asa Norte,Asa Norte,apartamento,False,https://www.vivareal.com.br/imovel/apartamento-1-quartos-asa-norte-bairros-brasilia-com-garagem-49m2-venda-RS670000-id-2909510623/?source=ranking%2Cunknown,2026-09-27
2867187647,R$ 1.500.000,R$ 1.767,isento,72 m²,2,2,2,Asa Norte,Asa Norte,apartamento,False,https://www.vivareal.com.br/imovel/apartamento-2-quartos-asa-norte-bairros-brasilia-com-garagem-72m2-venda-RS1500000-id-2867187647/?source=ranking%2Cunknown,2026-09-27
2880767889,R$ 1.290.000,R$ 1.200,R$ 1.893,85 m²,2,3,1,Asa Norte,Asa Norte,apartamento,False,https://www.vivareal.com.br/imovel/apartamento-2-quartos-asa-norte-bairros-brasilia-com-garagem-85m2-venda-RS1290000-id-2880767889/?source=ranking%2Cunknown,2026-09-27
2910324119,R$ 1.195.000,R$ 1.080,R$ 2.135,98 m²,3,3,1,Asa Norte,Asa Norte,apartamento,False,https://www.vivareal.com.br/imovel/apartamento-3-quartos-asa-norte-bairros-brasilia-com-garagem-98m2-venda-RS1195000-id-2910324119/?source=ranking%2Cunknown,2026-09-27
2914283563,R$ 439.000,isento,isento,32 m²,1,1,,Asa Norte,Asa Norte,apartamento,False,https://www.vivareal.com.br/imovel/apartamento-1-quartos-asa-norte-bairros-brasilia-32m2-venda-RS439000-id-2914283563/?source=ranking%2Cunknown,2026-09-27
2879988284,R$ 1.390.000,R$ 900,R$ 2.000,84 m²,2,3,1,Asa Norte,Asa Norte,apartamento,False,https://www.vivareal.com.br/imovel/apartamento-2-quartos-asa-norte-bairros-brasilia-com-garagem-84m2-venda-RS1390000-id-2879988284/?source=ranking%2Cunknown,2026-09-27
2912818020,R$ 920.000,R$ 700,isento,70 m²,2,2,1,Asa Norte,Asa Norte,apartamento,False,https://www.vivareal.com.br/imovel/apartamento-2-quartos-asa-norte-bairros-brasilia-com-garagem-70m2-venda-RS920000-id-2912818020/?source=ranking%2Cunknown,2026-09-27
2912013014,R$ 1.395.000,R$ 1.200,R$ 2.629,100 m²,3,3,1,Asa Norte,Asa Norte,apartamento,False,https://www.vivareal.com.br/imovel/apartamento-3-quartos-asa-norte-bairros-brasilia-com-garagem-100m2-venda-RS1395000-id-2912013014/?source=ranking%2Cunknown,2026-09-27
,R$ 1.790.000,R$ 2.000,isento,96 m²,2,2,0 - 1,Asa Norte,Asa Norte,apartamento,False,,2026-09-27
2794248759,R$ 1.100.000,R$ 590,R$ 195,95 m²,3,2,,Asa Norte,Asa Norte,apartamento,False,https://www.vivareal.com.br/imovel/apartamento-3-quartos-asa-norte-bairros-brasilia-95m2-venda-RS1100000-id-2794248759/?source=ranking%2Cunknown,2026-09-27
2905233721,R$ 1.399.000,R$ 1.150,R$ 2.438,125 m²,3,2,,Asa Norte,Asa Norte,apartamento,False,https://www.vivareal.com.br/imovel/apartamento-3-quartos-asa-norte-bairros-brasilia-125m2-venda-RS1399000-id-2905233721/?source=ranking%2Cunknown,2026-09-27
2911206127,R$ 1.270.000,R$ 960,R$ 359,81 m²,2,3,1,Asa Norte,Asa Norte,apartamento,False,https://www.vivareal.com.br/imovel/apartamento-2-quartos-asa-norte-bairros-brasilia-com-garagem-81m2-venda-RS1270000-id-2911206127/?source=ranking%2Cunknown,2026-09-27
2906856361,R$ 480.000,isento,isento,32 m²,1,1,1,Asa Norte,Asa Norte,apartamento,False,https://www.vivareal.com.br/imovel/apartamento-1-quartos-asa-norte-bairros-brasilia-com-garagem-32m2-venda-RS480000-id-2906856361/?source=ranking%2Cunknown,2026-09-27
2914177633,R$ 928.000,R$ 650,isento,59 m²,2,2,,Asa Norte,Asa Norte,apartamento,False,https://www.vivareal.com.br/imovel/apartamento-2-quartos-asa-norte-bairros-brasilia-59m2-venda-RS928000-id-2914177633/?source=ranking%2Cunknown,2026-09-27
2901467622,R$ 299.000,R$ 441,R$ 690,36 m²,1,1,,Asa Norte,Asa Norte,apartamento,False,https://www.vivareal.com.br/imovel/apartamento-1-quartos-asa-norte-bairros-brasilia-36m2-venda-RS299000-id-2901467622/?source=ranking%2Cunknown,2026-09-27
2877706475,R$ 1.550.000,R$ 1.200,R$ 1.329,63 m²,2,1,2,Asa Norte,Asa Norte,apartamento,False,https://www.vivareal.com.br/imovel/apartamento-2-quartos-asa-norte-bairros-brasilia-com-garagem-63m2-venda-RS1550000-id-2877706475/?source=ranking%2Cunknown,2026-09-27
2508498897,R$ 1.300.000,R$ 1.200,R$ 1.720,112 m²,3,2,,Asa Norte,Asa Norte,apartamento,False,https://www.vivareal.com.br/imovel/apartamento-3-quartos-asa-norte-bairros-brasilia-112m2-venda-RS1300000-id-2508498897/?source=ranking%2Cunknown,2026-09-27
2899278783,R$ 760.000,R$ 650,isento,64 m²,2,2,,Asa Norte,Asa Norte,apartamento,False,https://www.vivareal.com.br/imovel/apartamento-2-quartos-asa-norte-bairros-brasilia-64m2-venda-RS760000-id-2899278783/?source=ranking%2Cunknown,2026-09-27
2913955164,R$ 440.000,R$ 300,R$ 72,42 m²,1,1,,Asa Norte,Asa Norte,apartamento,False,https://www.vivareal.com.br/imovel/apartamento-1-quartos-asa-norte-bairros-brasilia-42m2-venda-RS440000-id-2913955164/?source=ranking%2Cunknown,2026-09-27
2895052492,R$ 894.000,R$ 716,R$ 1.887,63 m²,2,2,1,Asa Norte,Asa Norte,apartamento,False,https://www.vivareal.com.br/imovel/apartamento-2-quartos-asa-norte-bairros-brasilia-com-garagem-63m2-venda-RS894000-id-2895052492/?source=ranking%2Cunknown,2026-09-27
2865572161,R$ 1.500.000,R$ 2.265,R$ 2.131,140 m²,4,3,2,Asa Norte,Asa Norte,apartamento,False,https://www.vivareal.com.br/imovel/apartamento-4-quartos-asa-norte-bairros-brasilia-com-garagem-140m2-venda-RS1500000-id-2865572161/?source=ranking%2Cunknown,2026-09-27
2912488114,R$ 1.650.000,R$ 1.243,isento,122 m²,3,3,50,Asa Norte,Asa Norte,apartamento,False,https://www.vivareal.com.br/imovel/apartamento-3-quartos-asa-norte-bairros-brasilia-com-garagem-122m2-venda-RS1650000-id-2912488114/?source=ranking%2Cunknown,2026-09-27
2912381218,R$ 1.830.000,isento,isento,123 m²,3,3,1,Asa Norte,Asa Norte,apartamento,False,https://www.vivareal.com.br/imovel/apartamento-3-quartos-asa-norte-bairros-brasilia-com-garagem-123m2-venda-RS1830000-id-2912381218/?source=ranking%2Cunknown,2026-09-27
2880640173,R$ 320.000,R$ 456,R$ 389,28 m²,1,1,1,Asa Norte,Asa Norte,apartamento,False,https://www.vivareal.com.br/imovel/apartamento-1-quartos-asa-norte-bairros-brasilia-com-garagem-28m2-venda-RS320000-id-2880640173/?source=ranking%2Cunknown,2026-09-27
2874102248,R$ 660.000,isento,isento,49 m²,1,1,1,Asa Norte,Asa Norte,apartamento,False,https://www.vivareal.com.br/imovel/apartamento-1-quartos-asa-norte-bairros-brasilia-com-garagem-49m2-venda-RS660000-id-2874102248/?source=ranking%2Cunknown,2026-09-27
2851959053,R$ 1.540.000,R$ 1.210,R$ 2.200,120 m²,3,3,1,Asa Norte,Asa Norte,apartamento,False,https://www.vivareal.com.br/imovel/apartamento-3-quartos-asa-norte-bairros-brasilia-com-garagem-120m2-venda-RS1540000-id-2851959053/?source=ranking%2Cunknown,2026-09-27
2900794577,R$ 1.695.000,R$ 1.300,R$ 2.202,122 m²,3,3,,Asa Norte,Asa Norte,apartamento,False,https://www.vivareal.com.br/imovel/apartamento-3-quartos-asa-norte-bairros-brasilia-122m2-venda-RS1695000-id-2900794577/?source=ranking%2Cunknown,2026-09-27
2575207786,R$ 1.700.000,R$ 1.968,R$ 2.091,96 m²,2,2,1,Asa Norte,Asa Norte,apartamento,False,https://www.vivareal.com.br/imovel/apartamento-2-quartos-asa-norte-bairros-brasilia-com-garagem-96m2-venda-RS1700000-id-2575207786/?source=ranking%2Cunknown,2026-09-27
2906982641,R$ 1.765.000,R$ 1.300,R$ 2.504,134 m²,3,3,1,Asa Norte,Asa Norte,apartamento,False,https://www.vivareal.com.br/imovel/apartamento-3-quartos-asa-norte-bairros-brasilia-com-garagem-134m2-venda-RS1765000-id-2906982641/?source=ranking%2Cunknown,2026-09-27
2619602304,R$ 750.000,isento,isento,51 m²,1,1,,Asa Norte,Asa Norte,apartamento,False,https://www.vivareal.com.br/imovel/flat-1-quartos-asa-norte-bairros-brasilia-51m2-venda-RS750000-id-2619602304/?source=ranking%2Cunknown,2026-09-27
2867526088,R$ 299.000,R$ 398,R$ 73,29 m²,1,1,1,Asa Norte,Asa Norte,apartamento,False,https://www.vivareal.com.br/imovel/apartamento-1-quartos-asa-norte-bairros-brasilia-com-garagem-29m2-venda-RS299000-id-2867526088/?source=ranking%2Cunknown,2026-09-27
2897722302,R$ 1.230.000,R$ 1.208,R$ 1.994,75 m²,2,2,1,Asa Norte,Asa Norte,apartamento,False,https://www.vivareal.com.br/imovel/apartamento-2-quartos-asa-norte-bairros-brasilia-com-garagem-75m2-venda-RS1230000-id-2897722302/?source=ranking%2Cunknown,2026-09-27
2889560530,R$ 3.730.000,R$ 2.178,R$ 5.421,194 m²,4,4,4,Asa Norte,Asa Norte,apartamento,False,https://www.vivareal.com.br/imovel/apartamento-4-quartos-asa-norte-bairros-brasilia-com-garagem-194m2-venda-RS3730000-id-2889560530/?source=ranking%2Cunknown,2026-09-27
2804644415,R$ 1.380.000,R$ 1.533,R$ 2.029,129 m²,4,3,1,Asa Norte,Asa Norte,apartamento,False,https://www.vivareal.com.br/imovel/apartamento-4-quartos-asa-norte-bairros-brasilia-com-garagem-129m2-venda-RS1380000-id-2804644415/?source=ranking%2Cunknown,2026-09-27
2909419319,R$ 2.190.000,R$ 900,R$ 1.050,135 m²,3,3,1,Asa Norte,Asa Norte,apartamento,False,https://www.vivareal.com.br/imovel/apartamento-3-quartos-asa-norte-bairros-brasilia-com-garagem-135m2-venda-RS2190000-id-2909419319/?source=ranking%2Cunknown,2026-09-27
2901049198,R$ 1.570.000,R$ 1.300,R$ 2.877,104 m²,3,3,1,Asa Norte,Asa Norte,apartamento,False,https://www.vivareal.com.br/imovel/apartamento-3-quartos-asa-norte-bairros-brasilia-com-garagem-104m2-venda-RS1570000-id-2901049198/?source=ranking%2Cunknown,2026-09-27
2877470110,R$ 1.650.000,R$ 2.711,isento,95 m²,2,2,1,Asa Norte,Asa Norte,apartamento,False,https://www.vivareal.com.br/imovel/apartamento-2-quartos-asa-norte-bairros-brasilia-com-garagem-95m2-venda-RS1650000-id-2877470110/?source=ranking%2Cunknown,2026-09-27
2906660734,R$ 1.045.000,R$ 800,R$ 1.750,72 m²,2,3,1,Asa Norte,Asa Norte,apartamento,False,https://www.vivareal.com.br/imovel/apartamento-2-quartos-asa-norte-bairros-brasilia-com-garagem-72m2-venda-RS1045000-id-2906660734/?source=ranking%2Cunknown,2026-09-27
2901719109,R$ 1.500.000,R$ 1.500,isento,135 m²,3,3,2,Asa Norte,Asa Norte,apartamento,False,https://www.vivareal.com.br/imovel/apartamento-3-quartos-asa-norte-bairros-brasilia-com-garagem-135m2-venda-RS1500000-id-2901719109/?source=ranking%2Cunknown,2026-09-27
2864020406,R$ 1.650.000,R$ 2.084,R$ 1.789,66 m²,2,2,1,Asa Norte,Asa Norte,apartamento,False,https://www.vivareal.com.br/imovel/apartamento-2-quartos-asa-norte-bairros-brasilia-com-garagem-66m2-venda-RS1650000-id-2864020406/?source=ranking%2Cunknown,2026-09-27
2908187051,R$ 1.690.000,R$ 1.100,R$ 169,110 m²,3,2,2,Asa Norte,Asa Norte,apartamento,False,https://www.vivareal.com.br/imovel/apartamento-3-quartos-asa-norte-bairros-brasilia-com-garagem-110m2-venda-RS1690000-id-2908187051/?source=ranking%2Cunknown,2026-09-27
2885408681,R$ 2.490.000,R$ 1.880,R$ 342,170 m²,3,5,2,Asa Norte,Asa Norte,apartamento,False,https://www.vivareal.com.br/imovel/apartamento-3-quartos-asa-norte-bairros-brasilia-com-garagem-170m2-venda-RS2490000-id-2885408681/?source=ranking%2Cunknown,2026-09-27
,R$ 1.992.000,isento,isento,,3,4,2,Asa Norte,Asa Norte,apartamento,False,,2026-09-27
2577441675,R$ 670.000,R$ 400,R$ 700,33 m²,1,1,2,Asa Norte,Asa Norte,apartamento,False,https://www.vivareal.com.br/imovel/apartamento-1-quartos-asa-norte-bairros-brasilia-com-garagem-33m2-venda-RS670000-id-2577441675/?source=ranking%2Cunknown,2026-09-27
2878462591,R$ 1.820.000,R$ 1.040,R$ 1.602,110 m²,3,3,1,Asa Norte,Asa Norte,apartamento,False,https://www.vivareal.com.br/imovel/apartamento-3-quartos-asa-norte-bairros-brasilia-com-garagem-110m2-venda-RS1820000-id-2878462591/?source=ranking%2Cunknown,2026-09-27
2912627441,R$ 315.000,R$ 350,isento,28 m²,1,1,,Asa Norte,Asa Norte,apartamento,False,https://www.vivareal.com.br/imovel/apartamento-1-quartos-asa-norte-bairros-brasilia-28m2-venda-RS315000-id-2912627441/?source=ranking%2Cunknown,2026-09-27
2907946446,R$ 350.000,R$ 390,isento,34 m²,1,1,,Asa Norte,Asa Norte,apartamento,False,https://www.vivareal.com.br/imovel/apartamento-1-quartos-asa-norte-bairros-brasilia-34m2-venda-RS350000-id-2907946446/?source=ranking%2Cunknown,2026-09-27
2901933812,R$ 415.000,R$ 422,R$ 2.236,46 m²,1,1,,Asa Norte,Asa Norte,apartamento,False,https://www.vivareal.com.br/imovel/apartamento-1-quartos-asa-norte-bairros-brasilia-46m2-venda-RS415000-id-2901933812/?source=ranking%2Cunknown,2026-09-27
2867400216,R$ 1.100.000,R$ 1.213,R$ 2.700,58 m²,1,1,1,Asa Norte,Asa Norte,apartamento,False,https://www.vivareal.com.br/imovel/apartamento-1-quartos-asa-norte-bairros-brasilia-com-garagem-58m2-venda-RS1100000-id-2867400216/?source=ranking%2Cunknown,2026-09-27
2908647025,R$ 490.000,isento,isento,33 m²,1,1,1,Asa Norte,Asa Norte,apartamento,False,https://www.vivareal.com.br/imovel/apartamento-1-quartos-asa-norte-bairros-brasilia-com-garagem-33m2-venda-RS490000-id-2908647025/?source=ranking%2Cunknown,2026-09-27
2894624810,R$ 1.400.000,R$ 1.193,R$ 2.646,109 m²,3,3,1,Asa Norte,Asa Norte,apartamento,False,https://www.vivareal.com.br/imovel/apartamento-3-quartos-asa-norte-bairros-brasilia-com-garagem-109m2-venda-RS1400000-id-2894624810/?source=ranking%2Cunknown,2026-09-27
2906762919,R$ 2.140.000,R$ 1.525,R$ 2.599,136 m²,3,3,1,Asa Norte,Asa Norte,apartamento,False,https://www.vivareal.com.br/imovel/apartamento-3-quartos-asa-norte-bairros-brasilia-com-garagem-136m2-venda-RS2140000-id-2906762919/?source=ranking%2Cunknown,2026-09-27
2864020202,R$ 2.900.000,R$ 1.100,R$ 4.840,342 m²,4,4,2,Asa Norte,Asa Norte,apartamento,False,https://www.vivareal.com.br/imovel/apartamento-4-quartos-asa-norte-bairros-brasilia-com-garagem-342m2-venda-RS2900000-id-2864020202/?source=ranking%2Cunknown,2026-09-27
2906181822,R$ 1.765.000,R$ 1.350,R$ 2.941,122 m²,3,2,1,Asa Norte,Asa Norte,apartamento,False,https://www.vivareal.com.br/imovel/apartamento-3-quartos-asa-norte-bairros-brasilia-com-garagem-122m2-venda-RS1765000-id-2906181822/?source=ranking%2Cunknown,2026-09-27
2904201911,R$ 1.790.000,R$ 2.000,R$ 2.545,96 m²,2,2,1,Asa Norte,Asa Norte,apartamento,False,https://www.vivareal.com.br/imovel/apartamento-2-quartos-asa-norte-bairros-brasilia-com-garagem-96m2-venda-RS1790000-id-2904201911/?source=ranking%2Cunknown,2026-09-27
2880061079,R$ 2.100.000,isento,isento,133 m²,3,3,,Asa Norte,Asa Norte,apartamento,False,https://www.vivareal.com.br/imovel/apartamento-3-quartos-asa-norte-bairros-brasilia-133m2-venda-RS2100000-id-2880061079/?source=ranking%2Cunknown,2026-09-27
2873989412,R$ 3.675.000,R$ 1.700,R$ 2.000,194 m²,4,4,3,Asa Norte,Asa Norte,apartamento,False,https://www.vivareal.com.br/imovel/apartamento-4-quartos-asa-norte-bairros-brasilia-com-garagem-194m2-venda-RS3675000-id-2873989412/?source=ranking%2Cunknown,2026-09-27
2892868802,R$ 700.000,R$ 280,R$ 224,77 m²,3,1,,Asa Norte,Asa Norte,apartamento,False,https://www.vivareal.com.br/imovel/apartamento-3-quartos-asa-norte-bairros-brasilia-77m2-venda-RS700000-id-2892868802/?source=ranking%2Cunknown,2026-09-27
2881099186,R$ 760.000,isento,isento,73 m²,2,2,,Asa Norte,Asa Norte,apartamento,False,https://www.vivareal.com.br/imovel/apartamento-2-quartos-asa-norte-bairros-brasilia-73m2-venda-RS760000-id-2881099186/?source=ranking%2Cunknown,2026-09-27
2902312151,R$ 500.000,isento,isento,30 m²,1,1,,Asa Norte,Asa Norte,apartamento,False,https://www.vivareal.com.br/imovel/apartamento-1-quartos-asa-norte-bairros-brasilia-30m2-venda-RS500000-id-2902312151/?source=ranking%2Cunknown,2026-09-27
2914291350,R$ 450.000,isento,isento,30 m²,1,1,,Asa Norte,Asa Norte,apartamento,False,https://www.vivareal.com.br/imovel/apartamento-1-quartos-asa-norte-bairros-brasilia-30m2-venda-RS450000-id-2914291350/?source=ranking%2Cunknown,2026-09-27
2912908567,R$ 1.510.000,isento,isento,123 m²,3,3,,Asa Norte,Asa Norte,apartamento,False,https://www.vivareal.com.br/imovel/apartamento-3-quartos-asa-norte-bairros-brasilia-123m2-venda-RS1510000-id-2912908567/?source=ranking%2Cunknown,2026-09-27
2706699610,R$ 1.900.000,isento,isento,102 m²,2,2,2,Asa Norte,Asa Norte,apartamento,False,https://www.vivareal.com.br/imovel/apartamento-2-quartos-asa-norte-bairros-brasilia-com-garagem-102m2-venda-RS1900000-id-2706699610/?source=ranking%2Cunknown,2026-09-27
2896302585,R$ 800.000,R$ 636,R$ 270,78 m²,3,2,,Asa Norte,Asa Norte,apartamento,False,https://www.vivareal.com.br/imovel/apartamento-3-quartos-asa-norte-bairros-brasilia-78m2-venda-RS800000-id-2896302585/?source=ranking%2Cunknown,2026-09-27
2838353432,R$ 490.000,isento,isento,37 m²,1,1,1,Asa Norte,Asa Norte,apartamento,False,https://www.vivareal.com.br/imovel/apartamento-1-quartos-asa-norte-bairros-brasilia-com-garagem-37m2-venda-RS490000-id-2838353432/?source=ranking%2Cunknown,2026-09-27
2894851795,R$ 1.100.000,R$ 1.202,R$ 1.905,94 m²,3,3,,Asa Norte,Asa Norte,apartamento,False,https://www.vivareal.com.br/imovel/apartamento-3-quartos-asa-norte-bairros-brasilia-94m2-venda-RS1100000-id-2894851795/?source=ranking%2Cunknown,2026-09-27
2882879087,R$ 1.250.000,R$ 1.250,R$ 1.500,62 m²,2,2,2,Asa Norte,Asa Norte,apartamento,False,https://www.vivareal.com.br/imovel/apartamento-2-quartos-asa-norte-bairros-brasilia-com-garagem-62m2-venda-RS1250000-id-2882879087/?source=ranking%2Cunknown,2026-09-27
2877045122,R$ 1.490.000,R$ 1.200,R$ 2.713,112 m²,3,2,1,Asa Norte,Asa Norte,apartamento,False,https://www.vivareal.com.br/imovel/apartamento-3-quartos-asa-norte-bairros-brasilia-com-garagem-112m2-venda-RS1490000-id-2877045122/?source=ranking%2Cunknown,2026-09-27
2911116092,R$ 630.000,R$ 751,isento,31 m²,1,1,,Asa Norte,Asa Norte,apartamento,False,https://www.vivareal.com.br/imovel/apartamento-1-quartos-asa-norte-bairros-brasilia-31m2-venda-RS630000-id-2911116092/?source=ranking%2Cunknown,2026-09-27
2841877132,R$ 567.000,isento,isento,38 m²,1,1,1,Asa Norte,Asa Norte,apartamento,False,https://www.vivareal.com.br/imovel/flat-1-quartos-asa-norte-bairros-brasilia-com-garagem-38m2-venda-RS567000-id-2841877132/?source=ranking%2Cunknown,2026-09-27
2912537828,R$ 1.370.000,R$ 900,isento,98 m²,3,2,1,Asa Norte,Asa Norte,apartamento,False,https://www.vivareal.com.br/imovel/apartamento-3-quartos-asa-norte-bairros-brasilia-com-garagem-98m2-venda-RS1370000-id-2912537828/?source=ranking%2Cunknown,2026-09-27
2900374591,R$ 1.350.000,R$ 1.050,R$ 428,95 m²,3,3,1,Asa Norte,Asa Norte,apartamento,False,https://www.vivareal.com.br/imovel/apartamento-3-quartos-asa-norte-bairros-brasilia-com-garagem-95m2-venda-RS1350000-id-2900374591/?source=ranking%2Cunknown,2026-09-27
2903541209,R$ 1.249.000,R$ 870,R$ 1.934,92 m²,2,2,1,Asa Norte,Asa Norte,apartamento,False,https://www.vivareal.com.br/imovel/apartamento-2-quartos-asa-norte-bairros-brasilia-com-garagem-92m2-venda-RS1249000-id-2903541209/?source=ranking%2Cunknown,2026-09-27
2864021194,R$ 1.700.000,R$ 890,R$ 3.588,93 m²,3,2,2,Asa Norte,Asa Norte,apartamento,False,https://www.vivareal.com.br/imovel/apartamento-3-quartos-asa-norte-bairros-brasilia-com-garagem-93m2-venda-RS1700000-id-2864021194/?source=ranking%2Cunknown,2026-09-27
2856280615,R$ 990.000,R$ 670,R$ 1.624,91 m²,3,2,,Asa Norte,Asa Norte,apartamento,False,https://www.vivareal.com.br/imovel/apartamento-3-quartos-asa-norte-bairros-brasilia-91m2-venda-RS990000-id-2856280615/?source=ranking%2Cunknown,2026-09-27
2907758933,R$ 1.650.000,R$ 1.100,isento,112 m²,3,3,1,Asa Norte,Asa Norte,apartamento,False,https://www.vivareal.com.br/imovel/apartamento-3-quartos-asa-norte-bairros-brasilia-com-garagem-112m2-venda-RS1650000-id-2907758933/?source=ranking%2Cunknown,2026-09-27
2902479008,R$ 370.000,R$ 550,R$ 9.000,22 m²,1,1,1,Asa Norte,Asa Norte,apartamento,False,https://www.vivareal.com.br/imovel/apartamento-1-quartos-asa-norte-bairros-brasilia-com-garagem-22m2-venda-RS370000-id-2902479008/?source=ranking%2Cunknown,2026-09-27
2899533682,R$ 610.000,R$ 680,R$ 1.000,31 m²,1,1,2,Asa Norte,Asa Norte,apartamento,False,https://www.vivareal.com.br/imovel/apartamento-1-quartos-asa-norte-bairros-brasilia-com-garagem-31m2-venda-RS610000-id-2899533682/?source=ranking%2Cunknown,2026-09-27
2887818090,R$ 375.674,R$ 458,R$ 469,35 m²,1,1,,Asa Norte,Asa Norte,apartamento,False,https://www.vivareal.com.br/imovel/apartamento-1-quartos-asa-norte-bairros-brasilia-35m2-venda-RS375674-id-2887818090/?source=ranking%2Cunknown,2026-09-27
2892144576,R$ 1.275.000,R$ 855,R$ 2.207,96 m²,3,3,1,Asa Norte,Asa Norte,apartamento,False,https://www.vivareal.com.br/imovel/apartamento-3-quartos-asa-norte-bairros-brasilia-com-garagem-96m2-venda-RS1275000-id-2892144576/?source=ranking%2Cunknown,2026-09-27
,R$ 1.890.000,isento,isento,96 - 98 m²,2,2,1,Asa Norte,Asa Norte,apartamento,False,,2026-09-27
2911295018,R$ 1.180.000,isento,isento,60 m²,1,1,1,Asa Norte,Asa Norte,apartamento,False,https://www.vivareal.com.br/imovel/apartamento-1-quartos-asa-norte-bairros-brasilia-com-garagem-60m2-venda-RS1180000-id-2911295018/?source=ranking%2Cunknown,2026-09-27
2907068427,R$ 730.000,R$ 694,R$ 232,68 m²,2,1,,Asa Norte,Asa Norte,apartamento,False,https://www.vivareal.com.br/imovel/apartamento-2-quartos-asa-norte-bairros-brasilia-68m2-venda-RS730000-id-2907068427/?source=ranking%2Cunknown,2026-09-27
2897279405,R$ 1.070.000,R$ 700,R$ 1.972,98 m²,3,2,,Asa Norte,Asa Norte,apartamento,False,https://www.vivareal.com.br/imovel/apartamento-3-quartos-asa-norte-bairros-brasilia-98m2-venda-RS1070000-id-2897279405/?source=ranking%2Cunknown,2026-09-27
2910802613,R$ 800.000,R$ 600,isento,78 m²,3,2,,Asa Norte,Asa Norte,apartamento,False,https://www.vivareal.com.br/imovel/apartamento-3-quartos-asa-norte-bairros-brasilia-78m2-venda-RS800000-id-2910802613/?source=ranking%2Cunknown,2026-09-27
,R$ 1.500.000,isento,isento,127 m²,4,2 - 3,2,Asa Norte,Asa Norte,apartamento,False,,2026-09-27
2898849325,R$ 1.550.000,R$ 1.340,R$ 2.256,119 m²,3,4,1,Asa Norte,Asa Norte,apartamento,False,https://www.vivareal.com.br/imovel/apartamento-3-quartos-asa-norte-bairros-brasilia-com-garagem-119m2-venda-RS1550000-id-2898849325/?source=ranking%2Cunknown,2026-09-27
2906718348,R$ 380.000,isento,isento,50 m²,2,2,,Asa Norte,Asa Norte,apartamento,False,https://www.vivareal.com.br/imovel/apartamento-2-quartos-asa-norte-bairros-brasilia-50m2-venda-RS380000-id-2906718348/?source=ranking%2Cunknown,2026-09-27
2876558400,R$ 890.000,isento,isento,64 m²,1,2,,Asa Norte,Asa Norte,apartamento,False,https://www.vivareal.com.br/imovel/apartamento-1-quartos-asa-norte-bairros-brasilia-64m2-venda-RS890000-id-2876558400/?source=ranking%2Cunknown,2026-09-27
2910888929,R$ 540.000,R$ 650,R$ 1.380,30 m²,1,1,1,Asa Norte,Asa Norte,apartamento,False,https://www.vivareal.com.br/imovel/apartamento-1-quartos-asa-norte-bairros-brasilia-com-garagem-30m2-venda-RS540000-id-2910888929/?source=ranking%2Cunknown,2026-09-27
2886530481,R$ 1.850.000,R$ 1.570,R$ 3.196,139 m²,4,3,1,Asa Norte,Asa Norte,apartamento,False,https://www.vivareal.com.br/imovel/apartamento-4-quartos-asa-norte-bairros-brasilia-com-garagem-139m2-venda-RS1850000-id-2886530481/?source=ranking%2Cunknown,2026-09-27
2906972532,R$ 1.750.000,R$ 1.361,R$ 2.391,123 m²,3,3,1,Asa Norte,Asa Norte,apartamento,False,https://www.vivareal.com.br/imovel/apartamento-3-quartos-asa-norte-bairros-brasilia-com-garagem-123m2-venda-RS1750000-id-2906972532/?source=ranking%2Cunknown,2026-09-27
2821873417,R$ 1.890.000,isento,isento,160 m²,3,3,16,Asa Norte,Asa Norte,apartamento,False,https://www.vivareal.com.br/imovel/apartamento-3-quartos-asa-norte-bairros-brasilia-com-garagem-160m2-venda-RS1890000-id-2821873417/?source=ranking%2Cunknown,2026-09-27
,R$ 677.573,R$ 1.478,R$ 95,37 m²,1,1,,Asa Norte,Asa Norte,apartamento,False,,2026-09-27
2817584619,R$ 1.750.000,R$ 1.167,R$ 2.693,132 m²,3,3,1,Asa Norte,Asa Norte,apartamento,False,https://www.vivareal.com.br/imovel/apartamento-3-quartos-asa-norte-bairros-brasilia-com-garagem-132m2-venda-RS1750000-id-2817584619/?source=ranking%2Cunknown,2026-09-27
2878369219,R$ 499.000,isento,isento,40 m²,1,1,1,Asa Norte,Asa Norte,apartamento,False,https://www.vivareal.com.br/imovel/apartamento-1-quartos-asa-norte-bairros-brasilia-com-garagem-40m2-venda-RS499000-id-2878369219/?source=ranking%2Cunknown,2026-09-27
2883924580,R$ 1.490.000,R$ 1.100,isento,118 m²,2,3,1,Asa Norte,Asa Norte,apartamento,False,https://www.vivareal.com.br/imovel/apartamento-2-quartos-asa-norte-bairros-brasilia-com-garagem-118m2-venda-RS1490000-id-2883924580/?source=ranking%2Cunknown,2026-09-27
2903950401,R$ 695.000,R$ 1.230,isento,38 m²,1,1,1,Asa Norte,Asa Norte,apartamento,False,https://www.vivareal.com.br/imovel/apartamento-1-quartos-asa-norte-bairros-brasilia-com-garagem-38m2-venda-RS695000-id-2903950401/?source=ranking%2Cunknown,2026-09-27
2912593248,R$ 495.000,isento,isento,31 m²,1,1,1,Asa Norte,Asa Norte,apartamento,False,https://www.vivareal.com.br/imovel/apartamento-1-quartos-asa-norte-bairros-brasilia-com-garagem-31m2-venda-RS495000-id-2912593248/?source=ranking%2Cunknown,2026-09-27
2896809696,R$ 700.000,R$ 805,R$ 600,47 m²,2,1,,Asa Norte,Asa Norte,apartamento,False,https://www.vivareal.com.br/imovel/apartamento-2-quartos-asa-norte-bairros-brasilia-47m2-venda-RS700000-id-2896809696/?source=ranking%2Cunknown,2026-09-27
2908336536,R$ 745.000,R$ 500,R$ 800,54 m²,2,2,,Asa Norte,Asa Norte,apartamento,False,https://www.vivareal.com.br/imovel/apartamento-2-quartos-asa-norte-bairros-brasilia-54m2-venda-RS745000-id-2908336536/?source=ranking%2Cunknown,2026-09-27
2876134027,R$ 1.250.000,R$ 1.800,isento,122 m²,3,1,,Asa Norte,Asa Norte,apartamento,False,https://www.vivareal.com.br/imovel/apartamento-3-quartos-asa-norte-bairros-brasilia-122m2-venda-RS1250000-id-2876134027/?source=ranking%2Cunknown,2026-09-27
2908296614,R$ 905.000,isento,isento,78 m²,3,2,,Asa Norte,Asa Norte,apartamento,False,https://www.vivareal.com.br/imovel/apartamento-3-quartos-asa-norte-bairros-brasilia-78m2-venda-RS905000-id-2908296614/?source=ranking%2Cunknown,2026-09-27
2801829545,R$ 3.120.000,isento,isento,168 m²,4,5,3,Asa Norte,Asa Norte,apartamento,False,https://www.vivareal.com.br/imovel/apartamento-4-quartos-asa-norte-bairros-brasilia-com-garagem-168m2-venda-RS3120000-id-2801829545/?source=ranking%2Cunknown,2026-09-27
2911407058,R$ 1.740.000,R$ 2.062,R$ 1.332,72 m²,2,2,2,Asa Norte,Asa Norte,apartamento,False,https://www.vivareal.com.br/imovel/apartamento-2-quartos-asa-norte-bairros-brasilia-com-garagem-72m2-venda-RS1740000-id-2911407058/?source=ranking%2Cunknown,2026-09-27
2880691549,R$ 600.000,R$ 1.236,R$ 101,37 m²,1,1,,Asa Norte,Asa Norte,apartamento,False,https://www.vivareal.com.br/imovel/apartamento-1-quartos-asa-norte-bairros-brasilia-37m2-venda-RS600000-id-2880691549/?source=ranking%2Cunknown,2026-09-27
2896330889,R$ 650.000,isento,isento,58 m²,2,1,,Asa Norte,Asa Norte,apartamento,False,https://www.vivareal.com.br/imovel/apartamento-2-quartos-asa-norte-bairros-brasilia-58m2-venda-RS650000-id-2896330889/?source=ranking%2Cunknown,2026-09-27
2878275386,R$ 1.550.000,R$ 1.200,R$ 1.329,63 m²,2,2,2,Asa Norte,Asa Norte,apartamento,False,https://www.vivareal.com.br/imovel/apartamento-2-quartos-asa-norte-bairros-brasilia-com-garagem-63m2-venda-RS1550000-id-2878275386/?source=ranking%2Cunknown,2026-09-27
2900494610,R$ 975.000,R$ 615,isento,95 m²,3,2,,Asa Norte,Asa Norte,apartamento,False,https://www.vivareal.com.br/imovel/apartamento-3-quartos-asa-norte-bairros-brasilia-95m2-venda-RS975000-id-2900494610/?source=ranking%2Cunknown,2026-09-27
2895484298,R$ 480.000,R$ 1.200,R$ 2.000,25 m²,1,1,1,Asa Norte,Asa Norte,apartamento,False,https://www.vivareal.com.br/imovel/flat-1-quartos-asa-norte-bairros-brasilia-com-garagem-25m2-venda-RS480000-id-2895484298/?source=ranking%2Cunknown,2026-09-27
2849573735,R$ 2.090.000,R$ 1.200,R$ 2.869,154 m²,3,4,1,Asa Norte,Asa Norte,apartamento,False,https://www.vivareal.com.br/imovel/apartamento-3-quartos-asa-norte-bairros-brasilia-com-garagem-154m2-venda-RS2090000-id-2849573735/?source=ranking%2Cunknown,2026-09-27
2830121118,R$ 1.100.000,isento,R$ 2.300,198 m²,2,3,,Asa Norte,Asa Norte,apartamento,False,https://www.vivareal.com.br/imovel/apartamento-2-quartos-asa-norte-bairros-brasilia-198m2-venda-RS1100000-id-2830121118/?source=ranking%2Cunknown,2026-09-27
2811835222,R$ 3.199.000,R$ 1.296,isento,180 m²,5,1,1,Asa Norte,Asa Norte,apartamento,False,https://www.vivareal.com.br/imovel/apartamento-5-quartos-asa-norte-bairros-brasilia-com-garagem-180m2-venda-RS3199000-id-2811835222/?source=ranking%2Cunknown,2026-09-27
2904202993,R$ 540.000,R$ 650,R$ 1.380,30 m²,1,1,1,Asa Norte,Asa Norte,apartamento,False,https://www.vivareal.com.br/imovel/apartamento-1-quartos-asa-norte-bairros-brasilia-com-garagem-30m2-venda-RS540000-id-2904202993/?source=ranking%2Cunknown,2026-09-27
2896160080,R$ 890.000,R$ 1.130,R$ 159,53 m²,1,1,,Asa Norte,Asa Norte,apartamento,False,https://www.vivareal.com.br/imovel/apartamento-1-quartos-asa-norte-bairros-brasilia-53m2-venda-RS890000-id-2896160080/?source=ranking%2Cunknown,2026-09-27
2840782054,R$ 1.990.000,R$ 1.400,R$ 1.200,150 m²,3,3,1,Asa Norte,Asa Norte,apartamento,False,https://www.vivareal.com.br/imovel/apartamento-3-quartos-asa-norte-bairros-brasilia-com-garagem-150m2-venda-RS1990000-id-2840782054/?source=ranking%2Cunknown,2026-09-27
2724593978,R$ 3.500.000,R$ 3.485,isento,245 m²,4,6,2,Asa Norte,Asa Norte,apartamento,False,https://www.vivareal.com.br/imovel/apartamento-4-quartos-asa-norte-bairros-brasilia-com-garagem-245m2-venda-RS3500000-id-2724593978/?source=ranking%2Cunknown,2026-09-27
2902533426,R$ 455.000,isento,isento,29 m²,1,1,1,Asa Norte,Asa Norte,apartamento,False,https://www.vivareal.com.br/imovel/flat-1-quartos-asa-norte-bairros-brasilia-com-garagem-29m2-venda-RS455000-id-2902533426/?source=ranking%2Cunknown,2026-09-27
2880810833,R$ 380.000,isento,isento,27 m²,1,1,,Asa Norte,Asa Norte,apartamento,False,https://www.vivareal.com.br/imovel/apartamento-1-quartos-asa-norte-bairros-brasilia-27m2-venda-RS380000-id-2880810833/?source=ranking%2Cunknown,2026-09-27
2893371730,R$ 2.340.000,R$ 1.700,R$ 3.647,188 m²,4,4,1,Asa Norte,Asa Norte,apartamento,False,https://www.vivareal.com.br/imovel/apartamento-4-quartos-asa-norte-bairros-brasilia-com-garagem-188m2-venda-RS2340000-id-2893371730/?source=ranking%2Cunknown,2026-09-27
2905607340,R$ 415.000,R$ 390,R$ 1.327,26 m²,1,1,1,Asa Norte,Asa Norte,apartamento,False,https://www.vivareal.com.br/imovel/apartamento-1-quartos-asa-norte-bairros-brasilia-com-garagem-26m2-venda-RS415000-id-2905607340/?source=ranking%2Cunknown,2026-09-27
2909534167,R$ 825.000,R$ 1.800,isento,100 m²,3,2,,Asa Norte,Asa Norte,apartamento,False,https://www.vivareal.com.br/imovel/apartamento-3-quartos-asa-norte-bairros-brasilia-100m2-venda-RS825000-id-2909534167/?source=ranking%2Cunknown,2026-09-27
2882390180,R$ 970.000,R$ 800,R$ 1.670,95 m²,3,2,,Asa Norte,Asa Norte,apartamento,False,https://www.vivareal.com.br/imovel/apartamento-3-quartos-asa-norte-bairros-brasilia-95m2-venda-RS970000-id-2882390180/?source=ranking%2Cunknown,2026-09-27
2882680656,R$ 390.000,R$ 300,R$ 168,36 m²,2,1,,Asa Norte,Asa Norte,apartamento,False,https://www.vivareal.com.br/imovel/apartamento-2-quartos-asa-norte-bairros-brasilia-36m2-venda-RS390000-id-2882680656/?source=ranking%2Cunknown,2026-09-27
2912998126,R$ 720.000,isento,isento,61 m²,1,2,1,Asa Norte,Asa Norte,apartamento,False,https://www.vivareal.com.br/imovel/apartamento-1-quartos-asa-norte-bairros-brasilia-com-garagem-61m2-venda-RS720000-id-2912998126/?source=ranking%2Cunknown,2026-09-27
2814346033,R$ 710.000,R$ 1.450,R$ 1.320,44 m²,1,1,1,Asa Norte,Asa Norte,apartamento,False,https://www.vivareal.com.br/imovel/apartamento-1-quartos-asa-norte-bairros-brasilia-com-garagem-44m2-venda-RS710000-id-2814346033/?source=ranking%2Cunknown,2026-09-27
2911158250,R$ 3.890.000,R$ 3.300,isento,270 m²,4,6,4,Asa Norte,Asa Norte,apartamento,False,https://www.vivareal.com.br/imovel/apartamento-4-quartos-asa-norte-bairros-brasilia-com-garagem-270m2-venda-RS3890000-id-2911158250/?source=ranking%2Cunknown,2026-09-27
2887397578,R$ 480.000,R$ 253,R$ 902,54 m²,2,1,,Asa Norte,Asa Norte,apartamento,False,https://www.vivareal.com.br/imovel/apartamento-2-quartos-asa-norte-bairros-brasilia-54m2-venda-RS480000-id-2887397578/?source=ranking%2Cunknown,2026-09-27
2907761016,R$ 695.000,R$ 405,R$ 1.108,45 m²,2,1,,Asa Norte,Asa Norte,apartamento,False,https://www.vivareal.com.br/imovel/apartamento-2-quartos-asa-norte-bairros-brasilia-45m2-venda-RS695000-id-2907761016/?source=ranking%2Cunknown,2026-09-27
2878276396,R$ 700.000,R$ 740,R$ 800,56 m²,2,2,,Asa Norte,Asa Norte,apartamento,False,https://www.vivareal.com.br/imovel/apartamento-2-quartos-asa-norte-bairros-brasilia-56m2-venda-RS700000-id-2878276396/?source=ranking%2Cunknown,2026-09-27
2881908735,R$ 2.080.000,R$ 1.891,R$ 2.596,130 m²,3,4,2,Asa Norte,Asa Norte,apartamento,False,https://www.vivareal.com.br/imovel/apartamento-3-quartos-asa-norte-bairros-brasilia-com-garagem-130m2-venda-RS2080000-id-2881908735/?source=ranking%2Cunknown,2026-09-27
2909119947,R$ 730.000,R$ 1.306,isento,37 m²,1,1,1,Asa Norte,Asa Norte,apartamento,False,https://www.vivareal.com.br/imovel/apartamento-1-quartos-asa-norte-bairros-brasilia-com-garagem-37m2-venda-RS730000-id-2909119947/?source=ranking%2Cunknown,2026-09-27
2909885339,R$ 635.000,R$ 794,R$ 1.002,34 m²,1,1,1,Asa Norte,Asa Norte,apartamento,False,https://www.vivareal.com.br/imovel/apartamento-1-quartos-asa-norte-bairros-brasilia-com-garagem-34m2-venda-RS635000-id-2909885339/?source=ranking%2Cunknown,2026-09-27
2897280506,R$ 695.000,R$ 644,R$ 1.439,52 m²,2,2,,Asa Norte,Asa Norte,apartamento,False,https://www.vivareal.com.br/imovel/apartamento-2-quartos-asa-norte-bairros-brasilia-52m2-venda-RS695000-id-2897280506/?source=ranking%2Cunknown,2026-09-27
2909248834,R$ 1.650.000,R$ 1.525,R$ 456,110 m²,3,2,2,Asa Norte,Asa Norte,apartamento,False,https://www.vivareal.com.br/imovel/apartamento-3-quartos-asa-norte-bairros-brasilia-com-garagem-110m2-venda-RS1650000-id-2909248834/?source=ranking%2Cunknown,2026-09-27
2899524896,R$ 620.000,R$ 680,R$ 1.000,31 m²,1,1,,Asa Norte,Asa Norte,apartamento,False,https://www.vivareal.com.br/imovel/apartamento-1-quartos-asa-norte-bairros-brasilia-31m2-venda-RS620000-id-2899524896/?source=ranking%2Cunknown,2026-09-27
2912496822,R$ 795.000,R$ 530,R$ 1.306,51 m²,2,2,,Asa Norte,Asa Norte,apartamento,False,https://www.vivareal.com.br/imovel/apartamento-2-quartos-asa-norte-bairros-brasilia-51m2-venda-RS795000-id-2912496822/?source=ranking%2Cunknown,2026-09-27
2880687345,R$ 880.000,isento,isento,53 m²,1,1,1,Asa Norte,Asa Norte,apartamento,False,https://www.vivareal.com.br/imovel/apartamento-1-quartos-asa-norte-bairros-brasilia-com-garagem-53m2-venda-RS880000-id-2880687345/?source=ranking%2Cunknown,2026-09-27
2907971024,R$ 2.480.000,R$ 1.800,R$ 4.152,170 m²,3,5,2,Asa Norte,Asa Norte,apartamento,False,https://www.vivareal.com.br/imovel/apartamento-3-quartos-asa-norte-bairros-brasilia-com-garagem-170m2-venda-RS2480000-id-2907971024/?source=ranking%2Cunknown,2026-09-27
2901431694,R$ 3.100.000,R$ 1.500,R$ 3.766,181 m²,4,4,1,Asa Norte,Asa Norte,apartamento,False,https://www.vivareal.com.br/imovel/apartamento-4-quartos-asa-norte-bairros-brasilia-com-garagem-181m2-venda-RS3100000-id-2901431694/?source=ranking%2Cunknown,2026-09-27
2890799089,R$ 2.150.000,R$ 1.299,R$ 2.654,127 m²,3,3,2,Asa Norte,Asa Norte,apartamento,False,https://www.vivareal.com.br/imovel/apartamento-3-quartos-asa-norte-bairros-brasilia-com-garagem-127m2-venda-RS2150000-id-2890799089/?source=ranking%2Cunknown,2026-09-27
2911155368,R$ 680.000,R$ 720,isento,44 m²,2,1,,Asa Norte,Asa Norte,apartamento,False,https://www.vivareal.com.br/imovel/apartamento-2-quartos-asa-norte-bairros-brasilia-44m2-venda-RS680000-id-2911155368/?source=ranking%2Cunknown,2026-09-27
2760902479,R$ 3.120.000,isento,isento,167 m²,4,5,3,Asa Norte,Asa Norte,apartamento,False,https://www.vivareal.com.br/imovel/apartamento-4-quartos-asa-norte-bairros-brasilia-com-garagem-167m2-venda-RS3120000-id-2760902479/?source=ranking%2Cunknown,2026-09-27
2833471224,R$ 1.890.000,R$ 1.750,R$ 3.822,197 m²,2,5,1,Asa Norte,Asa Norte,apartamento,False,https://www.vivareal.com.br/imovel/apartamento-2-quartos-asa-norte-bairros-brasilia-com-garagem-197m2-venda-RS1890000-id-2833471224/?source=ranking%2Cunknown,2026-09-27
2877471382,R$ 790.000,R$ 1.266,R$ 150,53 m²,1,1,,Asa Norte,Asa Norte,apartamento,False,https://www.vivareal.com.br/imovel/apartamento-1-quartos-asa-norte-bairros-brasilia-53m2-venda-RS790000-id-2877471382/?source=ranking%2Cunknown,2026-09-27
2905022636,R$ 1.080.000,R$ 620,R$ 1.200,95 m²,3,2,,Asa Norte,Asa Norte,apartamento,False,https://www.vivareal.com.br/imovel/apartamento-3-quartos-asa-norte-bairros-brasilia-95m2-venda-RS1080000-id-2905022636/?source=ranking%2Cunknown,2026-09-27
2878368904,R$ 435.000,isento,isento,30 m²,1,1,1,Asa Norte,Asa Norte,apartamento,False,https://www.vivareal.com.br/imovel/apartamento-1-quartos-asa-norte-bairros-brasilia-com-garagem-30m2-venda-RS435000-id-2878368904/?source=ranking%2Cunknown,2026-09-27
2888857676,R$ 920.000,isento,isento,78 m²,4,2,,Asa Norte,Asa Norte,apartamento,False,https://www.vivareal.com.br/imovel/apartamento-4-quartos-asa-norte-bairros-brasilia-78m2-venda-RS920000-id-2888857676/?source=ranking%2Cunknown,2026-09-27
2891659729,R$ 700.000,isento,isento,46 m²,2,1,,Asa Norte,Asa Norte,apartamento,False,https://www.vivareal.com.br/imovel/apartamento-2-quartos-asa-norte-bairros-brasilia-46m2-venda-RS700000-id-2891659729/?source=ranking%2Cunknown,2026-09-27
2912496919,R$ 1.350.000,R$ 1.030,R$ 2.100,118 m²,3,2,1,Asa Norte,Asa Norte,apartamento,False,https://www.vivareal.com.br/imovel/apartamento-3-quartos-asa-norte-bairros-brasilia-com-garagem-118m2-venda-RS1350000-id-2912496919/?source=ranking%2Cunknown,2026-09-27
2901844425,R$ 430.000,R$ 404,R$ 1.044,28 m²,1,1,1,Asa Norte,Asa Norte,apartamento,False,https://www.vivareal.com.br/imovel/apartamento-1-quartos-asa-norte-bairros-brasilia-com-garagem-28m2-venda-RS430000-id-2901844425/?source=ranking%2Cunknown,2026-09-27
2877470109,R$ 1.300.000,R$ 1.682,isento,53 m²,1,1,1,Asa Norte,Asa Norte,apartamento,False,https://www.vivareal.com.br/imovel/apartamento-1-quartos-asa-norte-bairros-brasilia-com-garagem-53m2-venda-RS1300000-id-2877470109/?source=ranking%2Cunknown,2026-09-27
2903709688,R$ 1.350.000,R$ 895,isento,99 m²,3,2,1,Asa Norte,Asa Norte,apartamento,False,https://www.vivareal.com.br/imovel/apartamento-3-quartos-asa-norte-bairros-brasilia-com-garagem-99m2-venda-RS1350000-id-2903709688/?source=ranking%2Cunknown,2026-09-27
2913687636,R$ 480.000,R$ 1.200,R$ 2.000,28 m²,1,1,1,Asa Norte,Asa Norte,apartamento,False,https://www.vivareal.com.br/imovel/flat-1-quartos-asa-norte-bairros-brasilia-com-garagem-28m2-venda-RS480000-id-2913687636/?source=ranking%2Cunknown,2026-09-27
2901266618,R$ 640.000,isento,isento,42 m²,2,1,,Asa Norte,Asa Norte,apartamento,False,https://www.vivareal.com.br/imovel/apartamento-2-quartos-asa-norte-bairros-brasilia-42m2-venda-RS640000-id-2901266618/?source=ranking%2Cunknown,2026-09-27
2824275818,R$ 3.675.000,R$ 1.700,R$ 2.000,194 m²,4,3,3,Asa Norte,Asa Norte,apartamento,False,https://www.vivareal.com.br/imovel/apartamento-4-quartos-asa-norte-bairros-brasilia-com-garagem-194m2-venda-RS3675000-id-2824275818/?source=ranking%2Cunknown,2026-09-27
2912860751,R$ 980.000,R$ 1.330,R$ 105,53 m²,1,1,,Asa Norte,Asa Norte,apartamento,False,https://www.vivareal.com.br/imovel/apartamento-1-quartos-asa-norte-bairros-brasilia-53m2-venda-RS980000-id-2912860751/?source=ranking%2Cunknown,2026-09-27
2912374792,R$ 350.000,isento,isento,30 m²,1,1,,Asa Norte,Asa Norte,apartamento,False,https://www.vivareal.com.br/imovel/apartamento-1-quartos-asa-norte-bairros-brasilia-30m2-venda-RS350000-id-2912374792/?source=ranking%2Cunknown,2026-09-27
2871674494,R$ 3.300.000,R$ 1.425,isento,300 m²,5,4,1,Asa Norte,Asa Norte,apartamento,False,https://www.vivareal.com.br/imovel/apartamento-5-quartos-asa-norte-bairros-brasilia-com-garagem-300m2-venda-RS3300000-id-2871674494/?source=ranking%2Cunknown,2026-09-27
2877471576,R$ 500.000,isento,isento,31 m²,1,1,,Asa Norte,Asa Norte,apartamento,False,https://www.vivareal.com.br/imovel/apartamento-1-quartos-asa-norte-bairros-brasilia-31m2-venda-RS500000-id-2877471576/?source=ranking%2Cunknown,2026-09-27
2889645220,R$ 3.900.000,R$ 3.707,R$ 7.688,245 m²,4,5,4,Asa Norte,Asa Norte,apartamento,False,https://www.vivareal.com.br/imovel/apartamento-4-quartos-asa-norte-bairros-brasilia-com-garagem-245m2-venda-RS3900000-id-2889645220/?source=ranking%2Cunknown,2026-09-27
2876845786,R$ 1.695.000,R$ 1.300,R$ 1.661,123 m²,3,2,,Asa Norte,Asa Norte,apartamento,False,https://www.vivareal.com.br/imovel/apartamento-3-quartos-asa-norte-bairros-brasilia-123m2-venda-RS1695000-id-2876845786/?source=ranking%2Cunknown,2026-09-27
2912603237,R$ 350.000,isento,isento,30 m²,1,1,,Asa Norte,Asa Norte,apartamento,False,https://www.vivareal.com.br/imovel/apartamento-1-quartos-asa-norte-bairros-brasilia-30m2-venda-RS350000-id-2912603237/?source=ranking%2Cunknown,2026-09-27
2912602241,R$ 1.990.000,R$ 1.300.000,R$ 3.000,127 m²,3,3,1,Asa Norte,Asa Norte,apartamento,False,https://www.vivareal.com.br/imovel/apartamento-3-quartos-asa-norte-bairros-brasilia-com-garagem-127m2-venda-RS1990000-id-2912602241/?source=ranking%2Cunknown,2026-09-27
2910889416,R$ 819.900,R$ 663,R$ 1.419,68 m²,2,2,,Asa Norte,Asa Norte,apartamento,False,https://www.vivareal.com.br/imovel/apartamento-2-quartos-asa-norte-bairros-brasilia-68m2-venda-RS819900-id-2910889416/?source=ranking%2Cunknown,2026-09-27
2911044016,R$ 640.000,isento,isento,31 m²,1,1,1,Asa Norte,Asa Norte,apartamento,False,https://www.vivareal.com.br/imovel/apartamento-1-quartos-asa-norte-bairros-brasilia-com-garagem-31m2-venda-RS640000-id-2911044016/?source=ranking%2Cunknown,2026-09-27
2880574295,R$ 3.900.000,isento,R$ 7.349,245 m²,4,1,4,Asa Norte,Asa Norte,apartamento,False,https://www.vivareal.com.br/imovel/apartamento-4-quartos-asa-norte-bairros-brasilia-com-garagem-245m2-venda-RS3900000-id-2880574295/?source=ranking%2Cunknown,2026-09-27
2899064661,R$ 1.049.000,isento,isento,77 m²,2,2,1,Asa Norte,Asa Norte,apartamento,False,https://www.vivareal.com.br/imovel/apartamento-2-quartos-asa-norte-bairros-brasilia-com-garagem-77m2-venda-RS1049000-id-2899064661/?source=ranking%2Cunknown,2026-09-27
2900633802,R$ 2.120.000,R$ 5.541,R$ 3.356,102 m²,1,2,2,Asa Norte,Asa Norte,apartamento,False,https://www.vivareal.com.br/imovel/apartamento-1-quartos-asa-norte-bairros-brasilia-com-garagem-102m2-venda-RS2120000-id-2900633802/?source=ranking%2Cunknown,2026-09-27
2909261725,R$ 599.000,R$ 700,R$ 900,25 m²,1,1,1,Asa Norte,Asa Norte,apartamento,False,https://www.vivareal.com.br/imovel/apartamento-1-quartos-asa-norte-bairros-brasilia-com-garagem-25m2-venda-RS599000-id-2909261725/?source=ranking%2Cunknown,2026-09-27
2898356485,R$ 590.000,R$ 648,R$ 1.800,31 m²,1,1,2,Asa Norte,Asa Norte,apartamento,False,https://www.vivareal.com.br/imovel/apartamento-1-quartos-asa-norte-bairros-brasilia-com-garagem-31m2-venda-RS590000-id-2898356485/?source=ranking%2Cunknown,2026-09-27
2866790297,R$ 850.000,R$ 1.439,R$ 749,63 m²,2,1,,Asa Norte,Asa Norte,apartamento,False,https://www.vivareal.com.br/imovel/apartamento-2-quartos-asa-norte-bairros-brasilia-63m2-venda-RS850000-id-2866790297/?source=ranking%2Cunknown,2026-09-27
2733207481,R$ 550.000,R$ 1.700,R$ 1.599,40 m²,2,1,1,Asa Norte,Asa Norte,apartamento,False,https://www.vivareal.com.br/imovel/apartamento-2-quartos-asa-norte-bairros-brasilia-com-garagem-40m2-venda-RS550000-id-2733207481/?source=ranking%2Cunknown,2026-09-27
2899305690,R$ 470.000,isento,isento,25 m²,1,1,,Asa Norte,Asa Norte,apartamento,False,https://www.vivareal.com.br/imovel/apartamento-1-quartos-asa-norte-bairros-brasilia-25m2-venda-RS470000-id-2899305690/?source=ranking%2Cunknown,2026-09-27
2878275377,R$ 580.000,R$ 560,isento,30 m²,1,1,2,Asa Norte,Asa Norte,apartamento,False,https://www.vivareal.com.br/imovel/apartamento-1-quartos-asa-norte-bairros-brasilia-com-garagem-30m2-venda-RS580000-id-2878275377/?source=ranking%2Cunknown,2026-09-27
2911005349,R$ 660.000,isento,isento,40 m²,1,1,,Asa Norte,Asa Norte,apartamento,False,https://www.vivareal.com.br/imovel/apartamento-1-quartos-asa-norte-bairros-brasilia-40m2-venda-RS660000-id-2911005349/?source=ranking%2Cunknown,2026-09-27
2910888928,R$ 2.750.000,R$ 2.290,R$ 3.198,169 m²,4,5,2,Asa Norte,Asa Norte,apartamento,False,https://www.vivareal.com.br/imovel/apartamento-4-quartos-asa-norte-bairros-brasilia-com-garagem-169m2-venda-RS2750000-id-2910888928/?source=ranking%2Cunknown,2026-09-27
2905279849,R$ 1.250.000,isento,isento,80 m²,2,1,1,Asa Norte,Asa Norte,apartamento,False,https://www.vivareal.com.br/imovel/apartamento-2-quartos-asa-norte-bairros-brasilia-com-garagem-80m2-venda-RS1250000-id-2905279849/?source=ranking%2Cunknown,2026-09-27
2913418414,R$ 499.000,R$ 650,R$ 1.000,25 m²,1,1,2,Asa Norte,Asa Norte,apartamento,False,https://www.vivareal.com.br/imovel/apartamento-1-quartos-asa-norte-bairros-brasilia-com-garagem-25m2-venda-RS499000-id-2913418414/?source=ranking%2Cunknown,2026-09-27
2891657906,R$ 1.890.000,R$ 2.070,R$ 1.335,72 m²,2,1,2,Asa Norte,Asa Norte,apartamento,False,https://www.vivareal.com.br/imovel/apartamento-2-quartos-asa-norte-bairros-brasilia-com-garagem-72m2-venda-RS1890000-id-2891657906/?source=ranking%2Cunknown,2026-09-27
2890452884,R$ 370.000,R$ 390,R$ 1.030,26 m²,1,1,1,Asa Norte,Asa Norte,apartamento,False,https://www.vivareal.com.br/imovel/apartamento-1-quartos-asa-norte-bairros-brasilia-com-garagem-26m2-venda-RS370000-id-2890452884/?source=ranking%2Cunknown,2026-09-27
2898357276,R$ 590.000,R$ 648,R$ 1.800,31 m²,1,1,1,Asa Norte,Asa Norte,apartamento,False,https://www.vivareal.com.br/imovel/apartamento-1-quartos-asa-norte-bairros-brasilia-com-garagem-31m2-venda-RS590000-id-2898357276/?source=ranking%2Cunknown,2026-09-27
2880694131,R$ 800.000,R$ 1.059,isento,53 m²,1,1,,Asa Norte,Asa Norte,apartamento,False,https://www.vivareal.com.br/imovel/apartamento-1-quartos-asa-norte-bairros-brasilia-53m2-venda-RS800000-id-2880694131/?source=ranking%2Cunknown,2026-09-27
2816788514,R$ 470.000,R$ 964,R$ 169,27 m²,1,1,,Asa Norte,Asa Norte,apartamento,False,https://www.vivareal.com.br/imovel/apartamento-1-quartos-asa-norte-bairros-brasilia-27m2-venda-RS470000-id-2816788514/?source=ranking%2Cunknown,2026-09-27
2900198900,R$ 938.000,R$ 650,R$ 1.363,59 m²,2,2,,Asa Norte,Asa Norte,apartamento,False,https://www.vivareal.com.br/imovel/apartamento-2-quartos-asa-norte-bairros-brasilia-59m2-venda-RS938000-id-2900198900/?source=ranking%2Cunknown,2026-09-27
2894627393,R$ 3.300.000,R$ 2.332,R$ 4.529,206 m²,4,5,2,Asa Norte,Asa Norte,apartamento,False,https://www.vivareal.com.br/imovel/apartamento-4-quartos-asa-norte-bairros-brasilia-com-garagem-206m2-venda-RS3300000-id-2894627393/?source=ranking%2Cunknown,2026-09-27
2893357177,R$ 800.000,R$ 505,R$ 1.121,55 m²,2,2,,Asa Norte,Asa Norte,apartamento,False,https://www.vivareal.com.br/imovel/apartamento-2-quartos-asa-norte-bairros-brasilia-55m2-venda-RS800000-id-2893357177/?source=ranking%2Cunknown,2026-09-27
2874703833,R$ 450.000,R$ 485,R$ 800,30 m²,1,1,1,Asa Norte,Asa Norte,apartamento,False,https://www.vivareal.com.br/imovel/apartamento-1-quartos-asa-norte-bairros-brasilia-com-garagem-30m2-venda-RS450000-id-2874703833/?source=ranking%2Cunknown,2026-09-27
2914404178,R$ 680.000,R$ 510,R$ 1.500,45 m²,2,1,,Asa Norte,Asa Norte,apartamento,False,https://www.vivareal.com.br/imovel/apartamento-2-quartos-asa-norte-bairros-brasilia-45m2-venda-RS680000-id-2914404178/?source=ranking%2Cunknown,2026-09-27
2914444638,R$ 550.000,R$ 650,R$ 1.000,23 m²,1,1,1,Asa Norte,Asa Norte,apartamento,False,https://www.vivareal.com.br/imovel/apartamento-1-quartos-asa-norte-bairros-brasilia-com-garagem-23m2-venda-RS550000-id-2914444638/?source=ranking%2Cunknown,2026-09-27
2914405064,R$ 1.780.000,R$ 1.296,R$ 2.615,148 m²,4,3,1,Asa Norte,Asa Norte,apartamento,False,https://www.vivareal.com.br/imovel/apartamento-4-quartos-asa-norte-bairros-brasilia-com-garagem-148m2-venda-RS1780000-id-2914405064/?source=ranking%2Cunknown,2026-09-27
2914405062,R$ 2.590.000,R$ 1.837,isento,231 m²,3,5,1,Asa Norte,Asa Norte,apartamento,False,https://www.vivareal.com.br/imovel/apartamento-3-quartos-asa-norte-bairros-brasilia-com-garagem-231m2-venda-RS2590000-id-2914405062/?source=ranking%2Cunknown,2026-09-27
2914359784,R$ 1.020.000,R$ 1.883,R$ 1.766,59 m²,2,2,2,Asa Norte,Asa Norte,apartamento,False,https://www.vivareal.com.br/imovel/apartamento-2-quartos-asa-norte-bairros-brasilia-com-garagem-59m2-venda-RS1020000-id-2914359784/?source=ranking%2Cunknown,2026-09-27
2914478837,R$ 1.550.000,R$ 1.400,R$ 1.900,119 m²,3,4,1,Asa Norte,Asa Norte,apartamento,False,https://www.vivareal.com.br/imovel/apartamento-3-quartos-asa-norte-bairros-brasilia-com-garagem-119m2-venda-RS1550000-id-2914478837/?source=ranking%2Cunknown,2026-09-27
2913848922,R$ 4.200.000,R$ 2.850,R$ 7.487,294 m²,4,7,4,Noroeste,Setor Noroeste,cobertura,False,https://www.vivareal.com.br/imovel/cobertura-4-quartos-setor-noroeste-bairros-brasilia-com-garagem-294m2-venda-RS4200000-id-2913848922/?source=ranking%2Cunknown,2026-09-27
,R$ 5.350.000,R$ 2.270,R$ 5.948,309 m²,4,6 - 7,4,Noroeste,Setor Noroeste,cobertura,False,,2026-09-27
2866362264,R$ 1.799.000,R$ 1.662,R$ 4.026,172 m²,2,3,3,Noroeste,Setor Noroeste,cobertura,False,https://www.vivareal.com.br/imovel/cobertura-2-quartos-setor-noroeste-bairros-brasilia-com-garagem-172m2-venda-RS1799000-id-2866362264/?source=ranking%2Cunknown,2026-09-27
,R$ 2.200.000,isento,isento,141 - 142 m²,2,2 - 4,2,Noroeste,Setor Noroeste,cobertura,False,,2026-09-27
2891689695,R$ 2.290.000,R$ 1.623,R$ 4.635,214 m²,3,3,2,Noroeste,Setor Noroeste,cobertura,False,https://www.vivareal.com.br/imovel/cobertura-3-quartos-setor-noroeste-bairros-brasilia-com-garagem-214m2-venda-RS2290000-id-2891689695/?source=ranking%2Cunknown,2026-09-27
2864020194,R$ 2.880.000,R$ 1.822,R$ 5.230,202 m²,2,3,2,Noroeste,Setor Noroeste,cobertura,False,https://www.vivareal.com.br/imovel/cobertura-2-quartos-setor-noroeste-bairros-brasilia-com-garagem-202m2-venda-RS2880000-id-2864020194/?source=ranking%2Cunknown,2026-09-27
2910809216,R$ 3.990.000,R$ 2.900,R$ 8.865,224 m²,3,4,4,Noroeste,Setor Noroeste,cobertura,False,https://www.vivareal.com.br/imovel/cobertura-3-quartos-setor-noroeste-bairros-brasilia-com-garagem-224m2-venda-RS3990000-id-2910809216/?source=ranking%2Cunknown,2026-09-27
2905233722,R$ 2.999.990,R$ 1.850,isento,225 m²,3,4,3,Noroeste,Setor Noroeste,cobertura,False,https://www.vivareal.com.br/imovel/cobertura-3-quartos-setor-noroeste-bairros-brasilia-com-garagem-225m2-venda-RS2999990-id-2905233722/?source=ranking%2Cunknown,2026-09-27
2914176749,R$ 2.490.000,R$ 1.600,isento,173 m²,2,4,2,Noroeste,Setor Noroeste,cobertura,False,https://www.vivareal.com.br/imovel/cobertura-2-quartos-setor-noroeste-bairros-brasilia-com-garagem-173m2-venda-RS2490000-id-2914176749/?source=ranking%2Cunknown,2026-09-27
2893940786,R$ 1.300.000,isento,R$ 12.000.000,200 m²,3,1,3,Noroeste,Setor Noroeste,casa,False,https://www.vivareal.com.br/imovel/casa-3-quartos-setor-noroeste-bairros-brasilia-com-garagem-200m2-venda-RS1300000-id-2893940786/?source=ranking%2Cunknown,2026-09-27
2864020678,R$ 3.040.000,R$ 1.430,R$ 5.707,179 m²,2,4,1,Noroeste,Setor Noroeste,apartamento,False,https://www.vivareal.com.br/imovel/apartamento-2-quartos-setor-noroeste-bairros-brasilia-com-garagem-179m2-venda-RS3040000-id-2864020678/?source=ranking%2Cunknown,2026-09-27
2888765606,A partir de R$ 3.003.280,,,162 m²,4,4,3,Noroeste,Setor Noroeste,apartamento,True,https://www.vivareal.com.br/imoveis-lancamentos/season-id-2888766102/?development_unit_id=2888765606&source=ranking%2Cunknown,2026-09-27
2900148797,R$ 548.000,isento,isento,33 m²,1,1,1,Noroeste,Setor Noroeste,apartamento,False,https://www.vivareal.com.br/imovel/apartamento-1-quartos-setor-noroeste-bairros-brasilia-com-garagem-33m2-venda-RS548000-id-2900148797/?source=ranking%2Cunknown,2026-09-27
2805317148,R$ 1.789.000,R$ 1.250,R$ 3.397,127 m²,3,4,2,Noroeste,Setor Noroeste,apartamento,False,https://www.vivareal.com.br/imovel/apartamento-3-quartos-setor-noroeste-bairros-brasilia-com-garagem-127m2-venda-RS1789000-id-2805317148/?source=ranking%2Cunknown,2026-09-27
2883655305,R$ 1.520.000,R$ 912,R$ 279,93 m²,3,3,2,Noroeste,Setor Noroeste,apartamento,False,https://www.vivareal.com.br/imovel/apartamento-3-quartos-setor-noroeste-bairros-brasilia-com-garagem-93m2-venda-RS1520000-id-2883655305/?source=ranking%2Cunknown,2026-09-27
2897338106,R$ 1.980.000,R$ 1.670,R$ 588,132 m²,4,2,2,Noroeste,Setor Noroeste,apartamento,False,https://www.vivareal.com.br/imovel/apartamento-4-quartos-setor-noroeste-bairros-brasilia-com-garagem-132m2-venda-RS1980000-id-2897338106/?source=ranking%2Cunknown,2026-09-27
2914176848,R$ 2.450.000,R$ 1.841,R$ 400,152 m²,4,5,3,Noroeste,Setor Noroeste,apartamento,False,https://www.vivareal.com.br/imovel/apartamento-4-quartos-setor-noroeste-bairros-brasilia-com-garagem-152m2-venda-RS2450000-id-2914176848/?source=ranking%2Cunknown,2026-09-27
2903555195,R$ 3.740.000,R$ 1.770,isento,220 m²,3,4,1,Noroeste,Setor Noroeste,apartamento,False,https://www.vivareal.com.br/imovel/apartamento-3-quartos-setor-noroeste-bairros-brasilia-com-garagem-220m2-venda-RS3740000-id-2903555195/?source=ranking%2Cunknown,2026-09-27
2888767278,A partir de R$ 2.775.543,,,152 m²,4,4,3,Noroeste,Setor Noroeste,apartamento,True,https://www.vivareal.com.br/imoveis-lancamentos/singular-noroeste-id-2888763284/?development_unit_id=2888767278&source=ranking%2Cunknown,2026-09-27
2823560028,R$ 1.030.000,isento,isento,61 m²,2,2,1,Noroeste,Setor Noroeste,apartamento,False,https://www.vivareal.com.br/imovel/apartamento-2-quartos-setor-noroeste-bairros-brasilia-com-garagem-61m2-venda-RS1030000-id-2823560028/?source=ranking%2Cunknown,2026-09-27
2881563973,R$ 1.990.000,R$ 1.483,R$ 6.300,123 m²,2,3,2,Noroeste,Setor Noroeste,apartamento,False,https://www.vivareal.com.br/imovel/apartamento-2-quartos-setor-noroeste-bairros-brasilia-com-garagem-123m2-venda-RS1990000-id-2881563973/?source=ranking%2Cunknown,2026-09-27
2912242607,R$ 565.000,isento,isento,38 m²,1,1,1,Noroeste,Setor Noroeste,apartamento,False,https://www.vivareal.com.br/imovel/apartamento-1-quartos-setor-noroeste-bairros-brasilia-com-garagem-38m2-venda-RS565000-id-2912242607/?source=ranking%2Cunknown,2026-09-27
2837936314,R$ 620.000,isento,isento,36 m²,1,1,1,Noroeste,Setor Noroeste,apartamento,False,https://www.vivareal.com.br/imovel/apartamento-1-quartos-setor-noroeste-bairros-brasilia-com-garagem-36m2-venda-RS620000-id-2837936314/?source=ranking%2Cunknown,2026-09-27
2895412179,R$ 1.772.727,isento,isento,85 m²,2,3,1,Noroeste,Setor Noroeste,apartamento,False,https://www.vivareal.com.br/imovel/apartamento-2-quartos-setor-noroeste-bairros-brasilia-com-garagem-85m2-venda-RS1772727-id-2895412179/?source=ranking%2Cunknown,2026-09-27
2906328539,R$ 3.100.000,isento,isento,174 m²,4,5,2,Noroeste,Setor Noroeste,apartamento,False,https://www.vivareal.com.br/imovel/apartamento-4-quartos-setor-noroeste-bairros-brasilia-com-garagem-174m2-venda-RS3100000-id-2906328539/?source=ranking%2Cunknown,2026-09-27
2839490340,R$ 1.900.000,R$ 1.500,R$ 1.000,117 m²,3,2,2,Noroeste,Setor Noroeste,apartamento,False,https://www.vivareal.com.br/imovel/apartamento-3-quartos-setor-noroeste-bairros-brasilia-com-garagem-117m2-venda-RS1900000-id-2839490340/?source=ranking%2Cunknown,2026-09-27
2879844425,R$ 697.000,isento,isento,39 m²,1,1,1,Noroeste,Setor Noroeste,apartamento,False,https://www.vivareal.com.br/imovel/apartamento-1-quartos-setor-noroeste-bairros-brasilia-com-garagem-39m2-venda-RS697000-id-2879844425/?source=ranking%2Cunknown,2026-09-27
2888218599,R$ 1.394.000,R$ 790,R$ 2.500,84 m²,2,3,2,Noroeste,Setor Noroeste,apartamento,False,https://www.vivareal.com.br/imovel/apartamento-2-quartos-setor-noroeste-bairros-brasilia-com-garagem-84m2-venda-RS1394000-id-2888218599/?source=ranking%2Cunknown,2026-09-27
2884811782,R$ 750.000,isento,isento,35 m²,1,1,1,Noroeste,Setor Noroeste,apartamento,False,https://www.vivareal.com.br/imovel/apartamento-1-quartos-setor-noroeste-bairros-brasilia-com-garagem-35m2-venda-RS750000-id-2884811782/?source=ranking%2Cunknown,2026-09-27
2892427939,R$ 2.750.000,R$ 1.865,R$ 600,171 m²,3,5,4,Noroeste,Setor Noroeste,apartamento,False,https://www.vivareal.com.br/imovel/apartamento-3-quartos-setor-noroeste-bairros-brasilia-com-garagem-171m2-venda-RS2750000-id-2892427939/?source=ranking%2Cunknown,2026-09-27
2862153494,R$ 1.450.000,R$ 1.444,R$ 2.118,80 m²,2,3,3,Noroeste,Setor Noroeste,apartamento,False,https://www.vivareal.com.br/imovel/apartamento-2-quartos-setor-noroeste-bairros-brasilia-com-garagem-80m2-venda-RS1450000-id-2862153494/?source=ranking%2Cunknown,2026-09-27
2893921783,R$ 598.000,R$ 500,isento,39 m²,1,1,1,Noroeste,Setor Noroeste,apartamento,False,https://www.vivareal.com.br/imovel/apartamento-1-quartos-setor-noroeste-bairros-brasilia-com-garagem-39m2-venda-RS598000-id-2893921783/?source=ranking%2Cunknown,2026-09-27
2912623419,R$ 2.030.598,isento,isento,115 m²,3,4,2,Noroeste,Setor Noroeste,apartamento,False,https://www.vivareal.com.br/imovel/apartamento-3-quartos-setor-noroeste-bairros-brasilia-com-garagem-115m2-venda-RS2030598-id-2912623419/?source=ranking%2Cunknown,2026-09-27
2828190240,R$ 2.444.000,isento,R$ 4.355,175 m²,3,4,3,Noroeste,Setor Noroeste,apartamento,False,https://www.vivareal.com.br/imovel/apartamento-3-quartos-setor-noroeste-bairros-brasilia-com-garagem-175m2-venda-RS2444000-id-2828190240/?source=ranking%2Cunknown,2026-09-27
2888054126,R$ 4.400.000,isento,isento,197 m²,4,6,4,Noroeste,Setor Noroeste,apartamento,False,https://www.vivareal.com.br/imovel/apartamento-4-quartos-setor-noroeste-bairros-brasilia-com-garagem-197m2-venda-RS4400000-id-2888054126/?source=ranking%2Cunknown,2026-09-27
2906760915,R$ 3.120.000,R$ 1.780,R$ 7.600,188 m²,3,4,4,Noroeste,Setor Noroeste,apartamento,False,https://www.vivareal.com.br/imovel/apartamento-3-quartos-setor-noroeste-bairros-brasilia-com-garagem-188m2-venda-RS3120000-id-2906760915/?source=ranking%2Cunknown,2026-09-27
2909653672,R$ 520.000,R$ 780,R$ 890,33 m²,1,1,1,Noroeste,Setor Noroeste,apartamento,False,https://www.vivareal.com.br/imovel/apartamento-1-quartos-setor-noroeste-bairros-brasilia-com-garagem-33m2-venda-RS520000-id-2909653672/?source=ranking%2Cunknown,2026-09-27
2901931219,R$ 1.069.000,R$ 1.114,R$ 2.730,83 m²,1,1,2,Noroeste,Setor Noroeste,apartamento,False,https://www.vivareal.com.br/imovel/apartamento-1-quartos-setor-noroeste-bairros-brasilia-com-garagem-83m2-venda-RS1069000-id-2901931219/?source=ranking%2Cunknown,2026-09-27
2903296072,R$ 750.000,isento,isento,34 m²,1,1,1,Noroeste,Setor Noroeste,apartamento,False,https://www.vivareal.com.br/imovel/apartamento-1-quartos-setor-noroeste-bairros-brasilia-com-garagem-34m2-venda-RS750000-id-2903296072/?source=ranking%2Cunknown,2026-09-27
2902300500,R$ 4.454.000,isento,isento,246 m²,4,6,4,Noroeste,Setor Noroeste,apartamento,False,https://www.vivareal.com.br/imovel/apartamento-4-quartos-setor-noroeste-bairros-brasilia-com-garagem-246m2-venda-RS4454000-id-2902300500/?source=ranking%2Cunknown,2026-09-27
2895063782,R$ 565.000,R$ 500,isento,39 m²,1,1,1,Noroeste,Setor Noroeste,apartamento,False,https://www.vivareal.com.br/imovel/apartamento-1-quartos-setor-noroeste-bairros-brasilia-com-garagem-39m2-venda-RS565000-id-2895063782/?source=ranking%2Cunknown,2026-09-27
2889956939,R$ 1.590.000,isento,isento,82 m²,2,3,1,Noroeste,Setor Noroeste,apartamento,False,https://www.vivareal.com.br/imovel/apartamento-2-quartos-setor-noroeste-bairros-brasilia-com-garagem-82m2-venda-RS1590000-id-2889956939/?source=ranking%2Cunknown,2026-09-27
2782401325,R$ 2.090.000,R$ 1.907,R$ 363,166 m²,3,5,3,Noroeste,Setor Noroeste,apartamento,False,https://www.vivareal.com.br/imovel/apartamento-3-quartos-setor-noroeste-bairros-brasilia-com-garagem-166m2-venda-RS2090000-id-2782401325/?source=ranking%2Cunknown,2026-09-27
2805167871,R$ 2.389.000,isento,isento,122 m²,3,4,2,Noroeste,Setor Noroeste,apartamento,False,https://www.vivareal.com.br/imovel/apartamento-3-quartos-setor-noroeste-bairros-brasilia-com-garagem-122m2-venda-RS2389000-id-2805167871/?source=ranking%2Cunknown,2026-09-27
2909488760,R$ 591.000,R$ 500,R$ 1.100,38 m²,1,1,1,Noroeste,Setor Noroeste,apartamento,False,https://www.vivareal.com.br/imovel/apartamento-1-quartos-setor-noroeste-bairros-brasilia-com-garagem-38m2-venda-RS591000-id-2909488760/?source=ranking%2Cunknown,2026-09-27
2853418858,R$ 565.000,R$ 530,R$ 132,34 m²,1,1,1,Noroeste,Setor Noroeste,apartamento,False,https://www.vivareal.com.br/imovel/apartamento-1-quartos-setor-noroeste-bairros-brasilia-com-garagem-34m2-venda-RS565000-id-2853418858/?source=ranking%2Cunknown,2026-09-27
2898283975,R$ 670.000,R$ 663,isento,45 m²,1,1,,Noroeste,Setor Noroeste,apartamento,False,https://www.vivareal.com.br/imovel/apartamento-1-quartos-setor-noroeste-bairros-brasilia-45m2-venda-RS670000-id-2898283975/?source=ranking%2Cunknown,2026-09-27
2800540350,R$ 1.890.000,isento,R$ 4.000,148 m²,2,3,2,Noroeste,Setor Noroeste,apartamento,False,https://www.vivareal.com.br/imovel/apartamento-2-quartos-setor-noroeste-bairros-brasilia-com-garagem-148m2-venda-RS1890000-id-2800540350/?source=ranking%2Cunknown,2026-09-27
2706483416,R$ 4.675.000,isento,R$ 1.567,301 m²,4,6,4,Noroeste,Setor Noroeste,apartamento,False,https://www.vivareal.com.br/imovel/apartamento-4-quartos-setor-noroeste-bairros-brasilia-com-garagem-301m2-venda-RS4675000-id-2706483416/?source=ranking%2Cunknown,2026-09-27
2902904599,R$ 3.190.000,R$ 2.426,R$ 4.944,164 m²,3,5,3,Noroeste,Setor Noroeste,apartamento,False,https://www.vivareal.com.br/imovel/apartamento-3-quartos-setor-noroeste-bairros-brasilia-com-garagem-164m2-venda-RS3190000-id-2902904599/?source=ranking%2Cunknown,2026-09-27
2909651774,R$ 520.000,R$ 780,R$ 890,30 m²,1,1,1,Noroeste,Setor Noroeste,apartamento,False,https://www.vivareal.com.br/imovel/apartamento-1-quartos-setor-noroeste-bairros-brasilia-com-garagem-30m2-venda-RS520000-id-2909651774/?source=ranking%2Cunknown,2026-09-27
,R$ 598.000,R$ 500,R$ 1.200,38 - 39 m²,1,1,1,Noroeste,Setor Noroeste,apartamento,False,,2026-09-27
2869184906,R$ 1.680.000,R$ 1.360,R$ 4.510,157 m²,2,3,2,Noroeste,Setor Noroeste,apartamento,False,https://www.vivareal.com.br/imovel/apartamento-2-quartos-setor-noroeste-bairros-brasilia-com-garagem-157m2-venda-RS1680000-id-2869184906/?source=ranking%2Cunknown,2026-09-27
2912040817,R$ 1.975.000,R$ 1.520,R$ 4.284,102 m²,3,3,2,Noroeste,Setor Noroeste,apartamento,False,https://www.vivareal.com.br/imovel/apartamento-3-quartos-setor-noroeste-bairros-brasilia-com-garagem-102m2-venda-RS1975000-id-2912040817/?source=ranking%2Cunknown,2026-09-27
2905955655,R$ 2.350.000,R$ 1.685,R$ 4.700,155 m²,4,6,2,Noroeste,Setor Sudoeste,apartamento,False,https://www.vivareal.com.br/imovel/apartamento-4-quartos-setor-noroeste-bairros-brasilia-com-garagem-155m2-venda-RS2350000-id-2905955655/?source=ranking%2Cunknown,2026-09-27
2839489435,R$ 1.800.000,R$ 980,R$ 980,81 m²,1,1,1,Noroeste,Setor Noroeste,apartamento,False,https://www.vivareal.com.br/imovel/apartamento-1-quartos-setor-noroeste-bairros-brasilia-com-garagem-81m2-venda-RS1800000-id-2839489435/?source=ranking%2Cunknown,2026-09-27
2801767035,R$ 3.300.000,isento,isento,154 m²,4,5,3,Noroeste,Setor Noroeste,apartamento,False,https://www.vivareal.com.br/imovel/apartamento-4-quartos-setor-noroeste-bairros-brasilia-com-garagem-154m2-venda-RS3300000-id-2801767035/?source=ranking%2Cunknown,2026-09-27
2898115375,R$ 1.297.000,R$ 1.100,isento,67 m²,2,2,1,Noroeste,Setor Noroeste,apartamento,False,https://www.vivareal.com.br/imovel/apartamento-2-quartos-setor-noroeste-bairros-brasilia-com-garagem-67m2-venda-RS1297000-id-2898115375/?source=ranking%2Cunknown,2026-09-27
2860120188,R$ 2.450.000,R$ 1.841,R$ 4.418,152 m²,2,5,3,Noroeste,Setor Noroeste,apartamento,False,https://www.vivareal.com.br/imovel/apartamento-2-quartos-setor-noroeste-bairros-brasilia-com-garagem-152m2-venda-RS2450000-id-2860120188/?source=ranking%2Cunknown,2026-09-27
2898356304,R$ 2.690.000,R$ 1.350,R$ 6.000,116 m²,3,4,3,Noroeste,Setor Noroeste,apartamento,False,https://www.vivareal.com.br/imovel/apartamento-3-quartos-setor-noroeste-bairros-brasilia-com-garagem-116m2-venda-RS2690000-id-2898356304/?source=ranking%2Cunknown,2026-09-27
2839491344,R$ 5.165.215,R$ 450,R$ 980,291 m²,4,6,4,Noroeste,Setor Noroeste,apartamento,False,https://www.vivareal.com.br/imovel/apartamento-4-quartos-setor-noroeste-bairros-brasilia-com-garagem-291m2-venda-RS5165215-id-2839491344/?source=ranking%2Cunknown,2026-09-27
2864021172,R$ 6.026.000,isento,isento,288 m²,4,6,4,Noroeste,Setor Noroeste,apartamento,False,https://www.vivareal.com.br/imovel/apartamento-4-quartos-setor-noroeste-bairros-brasilia-com-garagem-288m2-venda-RS6026000-id-2864021172/?source=ranking%2Cunknown,2026-09-27
2898355601,R$ 980.000,R$ 562,R$ 2.343,51 m²,2,2,1,Noroeste,Setor Noroeste,apartamento,False,https://www.vivareal.com.br/imovel/apartamento-2-quartos-setor-noroeste-bairros-brasilia-com-garagem-51m2-venda-RS980000-id-2898355601/?source=ranking%2Cunknown,2026-09-27
2878278874,R$ 710.000,R$ 650,isento,39 m²,1,1,1,Noroeste,Setor Noroeste,apartamento,False,https://www.vivareal.com.br/imovel/apartamento-1-quartos-setor-noroeste-bairros-brasilia-com-garagem-39m2-venda-RS710000-id-2878278874/?source=ranking%2Cunknown,2026-09-27
2905445015,R$ 650.000,isento,isento,39 m²,1,1,,Noroeste,Setor Noroeste,apartamento,False,https://www.vivareal.com.br/imovel/apartamento-1-quartos-setor-noroeste-bairros-brasilia-39m2-venda-RS650000-id-2905445015/?source=ranking%2Cunknown,2026-09-27
2815252831,R$ 3.299.550,R$ 1.770,R$ 6.833,220 m²,3,3,2,Noroeste,Setor Noroeste,apartamento,False,https://www.vivareal.com.br/imovel/apartamento-3-quartos-setor-noroeste-bairros-brasilia-com-garagem-220m2-venda-RS3299550-id-2815252831/?source=ranking%2Cunknown,2026-09-27
2898357373,R$ 1.080.000,R$ 400,R$ 2.400,51 m²,2,2,1,Noroeste,Setor Noroeste,apartamento,False,https://www.vivareal.com.br/imovel/apartamento-2-quartos-setor-noroeste-bairros-brasilia-com-garagem-51m2-venda-RS1080000-id-2898357373/?source=ranking%2Cunknown,2026-09-27
2884592076,R$ 2.799.999,R$ 1.650,R$ 5.138,156 m²,4,6,3,Noroeste,Setor Noroeste,apartamento,False,https://www.vivareal.com.br/imovel/apartamento-4-quartos-setor-noroeste-bairros-brasilia-com-garagem-156m2-venda-RS2799999-id-2884592076/?source=ranking%2Cunknown,2026-09-27
2877470140,R$ 3.466.000,R$ 2.250,isento,184 m²,4,2,4,Noroeste,Setor Noroeste,apartamento,False,https://www.vivareal.com.br/imovel/apartamento-4-quartos-setor-noroeste-bairros-brasilia-com-garagem-184m2-venda-RS3466000-id-2877470140/?source=ranking%2Cunknown,2026-09-27
2904733408,R$ 4.900.000,R$ 3.490,isento,291 m²,4,2,4,Noroeste,Setor Noroeste,apartamento,False,https://www.vivareal.com.br/imovel/apartamento-4-quartos-setor-noroeste-bairros-brasilia-com-garagem-291m2-venda-RS4900000-id-2904733408/?source=ranking%2Cunknown,2026-09-27
2866685889,R$ 2.990.000,R$ 2.790,isento,226 m²,3,4,3,Noroeste,Setor Noroeste,apartamento,False,https://www.vivareal.com.br/imovel/apartamento-3-quartos-setor-noroeste-bairros-brasilia-com-garagem-226m2-venda-RS2990000-id-2866685889/?source=ranking%2Cunknown,2026-09-27
2755171588,R$ 4.500.000,isento,R$ 6.557,205 m²,3,6,4,Noroeste,Setor Noroeste,apartamento,False,https://www.vivareal.com.br/imovel/apartamento-3-quartos-setor-noroeste-bairros-brasilia-com-garagem-205m2-venda-RS4500000-id-2755171588/?source=ranking%2Cunknown,2026-09-27
2911396439,R$ 2.990.000,R$ 1.900,isento,162 m²,4,5,2,Noroeste,Setor Noroeste,apartamento,False,https://www.vivareal.com.br/imovel/apartamento-4-quartos-setor-noroeste-bairros-brasilia-com-garagem-162m2-venda-RS2990000-id-2911396439/?source=ranking%2Cunknown,2026-09-27
2882940026,R$ 2.200.000,R$ 1.622,R$ 3.866,125 m²,4,4,2,Noroeste,Setor Noroeste,apartamento,False,https://www.vivareal.com.br/imovel/apartamento-4-quartos-setor-noroeste-bairros-brasilia-com-garagem-125m2-venda-RS2200000-id-2882940026/?source=ranking%2Cunknown,2026-09-27
2911118945,R$ 6.000.000,R$ 3.000,isento,303 m²,3,5,4,Noroeste,Setor Noroeste,apartamento,False,https://www.vivareal.com.br/imovel/apartamento-3-quartos-setor-noroeste-bairros-brasilia-com-garagem-303m2-venda-RS6000000-id-2911118945/?source=ranking%2Cunknown,2026-09-27
2888338379,R$ 4.239.000,isento,R$ 5.509,246 m²,4,6,3,Noroeste,Setor Noroeste,apartamento,False,https://www.vivareal.com.br/imovel/apartamento-4-quartos-setor-noroeste-bairros-brasilia-com-garagem-246m2-venda-RS4239000-id-2888338379/?source=ranking%2Cunknown,2026-09-27
2903411914,R$ 4.453.500,R$ 2.000,R$ 10.000,246 m²,4,6,4,Noroeste,Setor Noroeste,apartamento,False,https://www.vivareal.com.br/imovel/apartamento-4-quartos-setor-noroeste-bairros-brasilia-com-garagem-246m2-venda-RS4453500-id-2903411914/?source=ranking%2Cunknown,2026-09-27
2914133662,R$ 420.000,R$ 492,R$ 1.307,27 m²,1,1,1,Noroeste,Setor Noroeste,apartamento,False,https://www.vivareal.com.br/imovel/apartamento-1-quartos-setor-noroeste-bairros-brasilia-com-garagem-27m2-venda-RS420000-id-2914133662/?source=ranking%2Cunknown,2026-09-27
2888338181,R$ 4.453.000,R$ 2.541,isento,246 m²,4,6,4,Noroeste,Setor Noroeste,apartamento,False,https://www.vivareal.com.br/imovel/apartamento-4-quartos-setor-noroeste-bairros-brasilia-com-garagem-246m2-venda-RS4453000-id-2888338181/?source=ranking%2Cunknown,2026-09-27
2909350332,R$ 620.000,isento,isento,33 m²,1,1,,Noroeste,Cruzeiro Novo,apartamento,False,https://www.vivareal.com.br/imovel/apartamento-1-quartos-setor-noroeste-bairros-brasilia-33m2-venda-RS620000-id-2909350332/?source=ranking%2Cunknown,2026-09-27
2878758676,R$ 960.000,R$ 900,R$ 2.300,53 m²,2,1,1,Noroeste,Setor Noroeste,apartamento,False,https://www.vivareal.com.br/imovel/apartamento-2-quartos-setor-noroeste-bairros-brasilia-com-garagem-53m2-venda-RS960000-id-2878758676/?source=ranking%2Cunknown,2026-09-27
2909491037,R$ 3.150.000,R$ 3.800,R$ 4.256,290 m²,3,3,4,Noroeste,Setor Noroeste,apartamento,False,https://www.vivareal.com.br/imovel/apartamento-3-quartos-setor-noroeste-bairros-brasilia-com-garagem-290m2-venda-RS3150000-id-2909491037/?source=ranking%2Cunknown,2026-09-27
2909813929,R$ 769.000,R$ 495,R$ 1.400,43 m²,1,1,1,Noroeste,Setor Noroeste,apartamento,False,https://www.vivareal.com.br/imovel/apartamento-1-quartos-setor-noroeste-bairros-brasilia-com-garagem-43m2-venda-RS769000-id-2909813929/?source=ranking%2Cunknown,2026-09-27
2874827407,R$ 520.000,R$ 410,R$ 1.502,31 m²,1,1,1,Noroeste,Setor Noroeste,apartamento,False,https://www.vivareal.com.br/imovel/apartamento-1-quartos-setor-noroeste-bairros-brasilia-com-garagem-31m2-venda-RS520000-id-2874827407/?source=ranking%2Cunknown,2026-09-27
2914404941,R$ 600.000,isento,isento,37 m²,1,1,2,Noroeste,Setor Noroeste,apartamento,False,https://www.vivareal.com.br/imovel/apartamento-1-quartos-setor-noroeste-bairros-brasilia-com-garagem-37m2-venda-RS600000-id-2914404941/?source=ranking%2Cunknown,2026-09-27
2905787321,R$ 3.500.000,R$ 1.653,isento,208 m²,3,4,3,Sudoeste,Setor Sudoeste,cobertura,False,https://www.vivareal.com.br/imovel/cobertura-3-quartos-setor-sudoeste-bairros-brasilia-com-garagem-208m2-venda-RS3500000-id-2905787321/?source=ranking%2Cunknown,2026-09-27
2908246373,R$ 2.600.000,R$ 1.653,R$ 4.850,208 m²,3,4,1,Sudoeste,Setor Sudoeste,cobertura,False,https://www.vivareal.com.br/imovel/cobertura-3-quartos-setor-sudoeste-bairros-brasilia-com-garagem-208m2-venda-RS2600000-id-2908246373/?source=ranking%2Cunknown,2026-09-27
2864020364,R$ 11.329.900,isento,isento,548 m²,4,7,6,Sudoeste,Zona Cívico-Administrativa,cobertura,False,https://www.vivareal.com.br/imovel/cobertura-4-quartos-setor-sudoeste-bairros-brasilia-com-garagem-548m2-venda-RS11329898-id-2864020364/?source=ranking%2Cunknown,2026-09-27
2897517674,R$ 10.500.000,isento,isento,548 m²,4,7,6,Sudoeste,Setor Sudoeste,cobertura,False,https://www.vivareal.com.br/imovel/cobertura-4-quartos-setor-sudoeste-bairros-brasilia-com-garagem-548m2-venda-RS10500000-id-2897517674/?source=ranking%2Cunknown,2026-09-27
2898690090,R$ 265.000,isento,isento,28 m²,1,1,,Sudoeste,Setor Sudoeste,kitnet,False,https://www.vivareal.com.br/imovel/kitnet-1-quartos-setor-sudoeste-bairros-brasilia-28m2-venda-RS265000-id-2898690090/?source=ranking%2Cunknown,2026-09-27
2904101221,R$ 297.000,R$ 380,R$ 150,25 m²,1,1,,Sudoeste,Setor Sudoeste,kitnet,False,https://www.vivareal.com.br/imovel/kitnet-1-quartos-setor-sudoeste-bairros-brasilia-25m2-venda-RS297000-id-2904101221/?source=ranking%2Cunknown,2026-09-27
2878276400,R$ 439.000,isento,isento,32 m²,1,1,1,Sudoeste,Setor Sudoeste,kitnet,False,https://www.vivareal.com.br/imovel/kitnet-1-quartos-setor-sudoeste-bairros-brasilia-com-garagem-32m2-venda-RS439000-id-2878276400/?source=ranking%2Cunknown,2026-09-27
2900374910,R$ 310.000,R$ 306,isento,29 m²,1,1,,Sudoeste,Setor Sudoeste,kitnet,False,https://www.vivareal.com.br/imovel/kitnet-1-quartos-setor-sudoeste-bairros-brasilia-29m2-venda-RS310000-id-2900374910/?source=ranking%2Cunknown,2026-09-27
2910733355,R$ 320.000,R$ 450,isento,30 m²,1,1,,Sudoeste,Setor Sudoeste,kitnet,False,https://www.vivareal.com.br/imovel/kitnet-1-quartos-setor-sudoeste-bairros-brasilia-30m2-venda-RS320000-id-2910733355/?source=ranking%2Cunknown,2026-09-27
2876523186,R$ 379.000,R$ 380,R$ 2.000,24 m²,1,1,1,Sudoeste,Setor Sudoeste,kitnet,False,https://www.vivareal.com.br/imovel/kitnet-1-quartos-setor-sudoeste-bairros-brasilia-com-garagem-24m2-venda-RS379000-id-2876523186/?source=ranking%2Cunknown,2026-09-27
2893794783,R$ 473.000,isento,isento,24 m²,1,1,1,Sudoeste,Setor Sudoeste,kitnet,False,https://www.vivareal.com.br/imovel/kitnet-1-quartos-setor-sudoeste-bairros-brasilia-com-garagem-24m2-venda-RS473000-id-2893794783/?source=ranking%2Cunknown,2026-09-27
2905390034,R$ 400.000,R$ 465,R$ 847,24 m²,1,1,1,Sudoeste,Setor Sudoeste,kitnet,False,https://www.vivareal.com.br/imovel/kitnet-1-quartos-setor-sudoeste-bairros-brasilia-com-garagem-24m2-venda-RS400000-id-2905390034/?source=ranking%2Cunknown,2026-09-27
2882682850,R$ 395.000,R$ 310,R$ 209,32 m²,1,1,,Sudoeste,Setor Sudoeste,kitnet,False,https://www.vivareal.com.br/imovel/kitnet-1-quartos-setor-sudoeste-bairros-brasilia-32m2-venda-RS395000-id-2882682850/?source=ranking%2Cunknown,2026-09-27
2866455057,R$ 425.000,R$ 380,R$ 127,26 m²,1,1,1,Sudoeste,Setor Sudoeste,kitnet,False,https://www.vivareal.com.br/imovel/kitnet-1-quartos-setor-sudoeste-bairros-brasilia-com-garagem-26m2-venda-RS425000-id-2866455057/?source=ranking%2Cunknown,2026-09-27
2845809435,R$ 370.000,R$ 672,R$ 1.974,27 m²,1,1,,Sudoeste,Setor Sudoeste,kitnet,False,https://www.vivareal.com.br/imovel/kitnet-1-quartos-setor-sudoeste-bairros-brasilia-27m2-venda-RS370000-id-2845809435/?source=ranking%2Cunknown,2026-09-27
2897769896,R$ 489.000,R$ 503,isento,25 m²,1,1,1,Sudoeste,Setor Sudoeste,kitnet,False,https://www.vivareal.com.br/imovel/kitnet-1-quartos-setor-sudoeste-bairros-brasilia-com-garagem-25m2-venda-RS489000-id-2897769896/?source=ranking%2Cunknown,2026-09-27
2899310877,R$ 485.000,R$ 569,R$ 1.026,35 m²,1,1,1,Sudoeste,Setor Sudoeste,kitnet,False,https://www.vivareal.com.br/imovel/kitnet-1-quartos-setor-sudoeste-bairros-brasilia-com-garagem-35m2-venda-RS485000-id-2899310877/?source=ranking%2Cunknown,2026-09-27
2866454671,R$ 449.000,R$ 380,R$ 127,27 m²,1,1,1,Sudoeste,Setor Sudoeste,kitnet,False,https://www.vivareal.com.br/imovel/kitnet-1-quartos-setor-sudoeste-bairros-brasilia-com-garagem-27m2-venda-RS449000-id-2866454671/?source=ranking%2Cunknown,2026-09-27
2878279078,R$ 439.000,R$ 380,isento,26 m²,1,1,1,Sudoeste,Setor Sudoeste,kitnet,False,https://www.vivareal.com.br/imovel/kitnet-1-quartos-setor-sudoeste-bairros-brasilia-com-garagem-26m2-venda-RS439000-id-2878279078/?source=ranking%2Cunknown,2026-09-27
2901967315,R$ 410.000,R$ 630,R$ 1.000,27 m²,1,1,1,Sudoeste,Setor Sudoeste,kitnet,False,https://www.vivareal.com.br/imovel/kitnet-1-quartos-setor-sudoeste-bairros-brasilia-com-garagem-27m2-venda-RS410000-id-2901967315/?source=ranking%2Cunknown,2026-09-27
2859560129,R$ 405.000,R$ 370,R$ 800,25 m²,1,1,1,Sudoeste,Setor Sudoeste,kitnet,False,https://www.vivareal.com.br/imovel/kitnet-1-quartos-setor-sudoeste-bairros-brasilia-com-garagem-25m2-venda-RS405000-id-2859560129/?source=ranking%2Cunknown,2026-09-27
2884604096,R$ 449.000,R$ 380,R$ 128,27 m²,1,1,1,Sudoeste,Setor Sudoeste,kitnet,False,https://www.vivareal.com.br/imovel/kitnet-1-quartos-setor-sudoeste-bairros-brasilia-com-garagem-27m2-venda-RS449000-id-2884604096/?source=ranking%2Cunknown,2026-09-27
,R$ 439.000,R$ 380,R$ 128,26 - 57 m²,1,1,1,Sudoeste,Setor Sudoeste,kitnet,False,,2026-09-27
2888891177,R$ 449.000,R$ 380,R$ 128,26 m²,1,1,1,Sudoeste,Setor Sudoeste,kitnet,False,https://www.vivareal.com.br/imovel/kitnet-1-quartos-setor-sudoeste-bairros-brasilia-com-garagem-26m2-venda-RS449000-id-2888891177/?source=ranking%2Cunknown,2026-09-27
2437375178,R$ 860.000,isento,isento,82 m²,2,,1,Sudoeste,Setor Sudoeste,apartamento,False,https://www.vivareal.com.br/imovel/apartamento-2-quartos-setor-sudoeste-bairros-brasilia-com-garagem-82m2-venda-RS860000-id-2437375178/?source=ranking%2Cunknown,2026-09-27
2904634041,R$ 550.000,R$ 514,isento,37 m²,2,1,1,Sudoeste,Setor Sudoeste,apartamento,False,https://www.vivareal.com.br/imovel/apartamento-2-quartos-setor-sudoeste-bairros-brasilia-com-garagem-37m2-venda-RS550000-id-2904634041/?source=ranking%2Cunknown,2026-09-27
2883547079,R$ 2.350.000,isento,isento,146 m²,4,4,2,Sudoeste,Setor Sudoeste,apartamento,False,https://www.vivareal.com.br/imovel/apartamento-4-quartos-setor-sudoeste-bairros-brasilia-com-garagem-146m2-venda-RS2350000-id-2883547079/?source=ranking%2Cunknown,2026-09-27
2909578337,R$ 1.430.000,R$ 1.400,R$ 3.232,104 m²,3,3,1,Sudoeste,Setor Sudoeste,apartamento,False,https://www.vivareal.com.br/imovel/apartamento-3-quartos-setor-sudoeste-bairros-brasilia-com-garagem-104m2-venda-RS1430000-id-2909578337/?source=ranking%2Cunknown,2026-09-27
2896599195,R$ 2.740.000,R$ 3.500,isento,216 m²,4,4,2,Sudoeste,Setor Sudoeste,apartamento,False,https://www.vivareal.com.br/imovel/apartamento-4-quartos-setor-sudoeste-bairros-brasilia-com-garagem-216m2-venda-RS2740000-id-2896599195/?source=ranking%2Cunknown,2026-09-27
2902392406,R$ 1.485.000,isento,isento,96 m²,3,3,1,Sudoeste,Setor Sudoeste,apartamento,False,https://www.vivareal.com.br/imovel/apartamento-3-quartos-setor-sudoeste-bairros-brasilia-com-garagem-96m2-venda-RS1485000-id-2902392406/?source=ranking%2Cunknown,2026-09-27
2909947528,R$ 1.540.000,R$ 1.578,R$ 2.534,102 m²,3,2,1,Sudoeste,Setor Sudoeste,apartamento,False,https://www.vivareal.com.br/imovel/apartamento-3-quartos-setor-sudoeste-bairros-brasilia-com-garagem-102m2-venda-RS1540000-id-2909947528/?source=ranking%2Cunknown,2026-09-27
2912151363,R$ 1.990.000,isento,isento,146 m²,3,2,1,Sudoeste,Setor Sudoeste,apartamento,False,https://www.vivareal.com.br/imovel/apartamento-3-quartos-setor-sudoeste-bairros-brasilia-com-garagem-146m2-venda-RS1990000-id-2912151363/?source=ranking%2Cunknown,2026-09-27
2912845455,R$ 1.400.000,isento,isento,106 m²,3,3,10,Sudoeste,Setor Sudoeste,apartamento,False,https://www.vivareal.com.br/imovel/apartamento-3-quartos-setor-sudoeste-bairros-brasilia-com-garagem-106m2-venda-RS1400000-id-2912845455/?source=ranking%2Cunknown,2026-09-27
2864020184,R$ 3.543.574,isento,isento,172 m²,4,6,3,Sudoeste,Zona Cívico-Administrativa,apartamento,False,https://www.vivareal.com.br/imovel/apartamento-4-quartos-setor-sudoeste-bairros-brasilia-com-garagem-172m2-venda-RS3543574-id-2864020184/?source=ranking%2Cunknown,2026-09-27
2911120550,R$ 2.290.000,R$ 1.748,R$ 3.732,160 m²,3,3,2,Sudoeste,Setor Sudoeste,apartamento,False,https://www.vivareal.com.br/imovel/apartamento-3-quartos-setor-sudoeste-bairros-brasilia-com-garagem-160m2-venda-RS2290000-id-2911120550/?source=ranking%2Cunknown,2026-09-27
2799821623,R$ 2.380.000,isento,R$ 5.606,194 m²,4,3,2,Sudoeste,Setor Sudoeste,apartamento,False,https://www.vivareal.com.br/imovel/apartamento-4-quartos-setor-sudoeste-bairros-brasilia-com-garagem-194m2-venda-RS2380000-id-2799821623/?source=ranking%2Cunknown,2026-09-27
2913904757,R$ 1.670.000,R$ 1.080,R$ 455,100 m²,3,3,1,Sudoeste,Setor Sudoeste,apartamento,False,https://www.vivareal.com.br/imovel/apartamento-3-quartos-setor-sudoeste-bairros-brasilia-com-garagem-100m2-venda-RS1670000-id-2913904757/?source=ranking%2Cunknown,2026-09-27
2904093000,R$ 455.000,isento,isento,28 m²,1,1,1,Sudoeste,Setor Sudoeste,apartamento,False,https://www.vivareal.com.br/imovel/apartamento-1-quartos-setor-sudoeste-bairros-brasilia-com-garagem-28m2-venda-RS455000-id-2904093000/?source=ranking%2Cunknown,2026-09-27
2912701472,R$ 890.000,isento,isento,63 m²,1,2,1,Sudoeste,Setor Sudoeste,apartamento,False,https://www.vivareal.com.br/imovel/apartamento-1-quartos-setor-sudoeste-bairros-brasilia-com-garagem-63m2-venda-RS890000-id-2912701472/?source=ranking%2Cunknown,2026-09-27
2907118628,R$ 680.000,R$ 770,isento,61 m²,1,1,,Sudoeste,Setor Sudoeste,apartamento,False,https://www.vivareal.com.br/imovel/apartamento-1-quartos-setor-sudoeste-bairros-brasilia-61m2-venda-RS680000-id-2907118628/?source=ranking%2Cunknown,2026-09-27
2878290802,R$ 2.600.000,R$ 2.300,R$ 999,210 m²,3,4,3,Sudoeste,Setor Sudoeste,apartamento,False,https://www.vivareal.com.br/imovel/apartamento-3-quartos-setor-sudoeste-bairros-brasilia-com-garagem-210m2-venda-RS2600000-id-2878290802/?source=ranking%2Cunknown,2026-09-27
2891834980,R$ 3.187.000,R$ 1.800,isento,143 m²,3,5,2,Sudoeste,Setor Sudoeste,apartamento,False,https://www.vivareal.com.br/imovel/apartamento-3-quartos-setor-sudoeste-bairros-brasilia-com-garagem-143m2-venda-RS3187000-id-2891834980/?source=ranking%2Cunknown,2026-09-27
2896777284,R$ 2.890.000,R$ 2.966,isento,188 m²,4,6,3,Sudoeste,Setor Sudoeste,apartamento,False,https://www.vivareal.com.br/imovel/apartamento-4-quartos-setor-sudoeste-bairros-brasilia-com-garagem-188m2-venda-RS2890000-id-2896777284/?source=ranking%2Cunknown,2026-09-27
2908270926,R$ 1.230.000,R$ 1.108,R$ 2.300,71 m²,2,2,2,Sudoeste,Setor Sudoeste,apartamento,False,https://www.vivareal.com.br/imovel/apartamento-2-quartos-setor-sudoeste-bairros-brasilia-com-garagem-71m2-venda-RS1230000-id-2908270926/?source=ranking%2Cunknown,2026-09-27
2903333855,R$ 2.350.000,isento,isento,126 m²,3,5,2,Sudoeste,Setor Sudoeste,apartamento,False,https://www.vivareal.com.br/imovel/apartamento-3-quartos-setor-sudoeste-bairros-brasilia-com-garagem-126m2-venda-RS2350000-id-2903333855/?source=ranking%2Cunknown,2026-09-27
2876011846,R$ 1.319.000,R$ 782,R$ 2.708,90 m²,3,3,1,Sudoeste,Setor Sudoeste,apartamento,False,https://www.vivareal.com.br/imovel/apartamento-3-quartos-setor-sudoeste-bairros-brasilia-com-garagem-90m2-venda-RS1319000-id-2876011846/?source=ranking%2Cunknown,2026-09-27
2883526192,R$ 670.000,isento,isento,60 m²,2,1,,Sudoeste,Setor Sudoeste,apartamento,False,https://www.vivareal.com.br/imovel/apartamento-2-quartos-setor-sudoeste-bairros-brasilia-60m2-venda-RS670000-id-2883526192/?source=ranking%2Cunknown,2026-09-27
2891834779,R$ 4.060.000,isento,isento,167 m²,4,6,3,Sudoeste,Setor Sudoeste,apartamento,False,https://www.vivareal.com.br/imovel/apartamento-4-quartos-setor-sudoeste-bairros-brasilia-com-garagem-167m2-venda-RS4060000-id-2891834779/?source=ranking%2Cunknown,2026-09-27
2905672318,R$ 1.649.000,isento,isento,109 m²,3,3,2,Sudoeste,Setor Sudoeste,apartamento,False,https://www.vivareal.com.br/imovel/apartamento-3-quartos-setor-sudoeste-bairros-brasilia-com-garagem-109m2-venda-RS1649000-id-2905672318/?source=ranking%2Cunknown,2026-09-27
2904418600,R$ 2.750.000,R$ 1.653,R$ 4.850,208 m²,3,4,1,Sudoeste,Setor Sudoeste,apartamento,False,https://www.vivareal.com.br/imovel/apartamento-3-quartos-setor-sudoeste-bairros-brasilia-com-garagem-208m2-venda-RS2750000-id-2904418600/?source=ranking%2Cunknown,2026-09-27
2907124424,R$ 1.180.000,R$ 600,R$ 2.448,65 m²,2,3,1,Sudoeste,Setor Sudoeste,apartamento,False,https://www.vivareal.com.br/imovel/apartamento-2-quartos-setor-sudoeste-bairros-brasilia-com-garagem-65m2-venda-RS1180000-id-2907124424/?source=ranking%2Cunknown,2026-09-27
2901274301,R$ 430.000,R$ 625,isento,25 m²,1,1,1,Sudoeste,Setor Sudoeste,apartamento,False,https://www.vivareal.com.br/imovel/apartamento-1-quartos-setor-sudoeste-bairros-brasilia-com-garagem-25m2-venda-RS430000-id-2901274301/?source=ranking%2Cunknown,2026-09-27
2864021084,R$ 4.221.037,isento,isento,168 m²,4,5,3,Sudoeste,Setor Sudoeste,apartamento,False,https://www.vivareal.com.br/imovel/apartamento-4-quartos-setor-sudoeste-bairros-brasilia-com-garagem-168m2-venda-RS4221037-id-2864021084/?source=ranking%2Cunknown,2026-09-27
2625304993,R$ 4.270.000,isento,isento,306 m²,4,5,4,Sudoeste,Setor Sudoeste,apartamento,False,https://www.vivareal.com.br/imovel/apartamento-4-quartos-setor-sudoeste-bairros-brasilia-com-garagem-306m2-venda-RS4270000-id-2625304993/?source=ranking%2Cunknown,2026-09-27
2908276830,R$ 617.000,R$ 731,R$ 1.181,49 m²,1,1,,Sudoeste,Setor Sudoeste,apartamento,False,https://www.vivareal.com.br/imovel/apartamento-1-quartos-setor-sudoeste-bairros-brasilia-49m2-venda-RS617000-id-2908276830/?source=ranking%2Cunknown,2026-09-27
2908181034,R$ 680.000,R$ 600,isento,60 m²,2,1,,Sudoeste,Setor Sudoeste,apartamento,False,https://www.vivareal.com.br/imovel/apartamento-2-quartos-setor-sudoeste-bairros-brasilia-60m2-venda-RS680000-id-2908181034/?source=ranking%2Cunknown,2026-09-27
2904091804,R$ 455.000,isento,isento,24 m²,1,1,,Sudoeste,Setor Sudoeste,apartamento,False,https://www.vivareal.com.br/imovel/apartamento-1-quartos-setor-sudoeste-bairros-brasilia-24m2-venda-RS455000-id-2904091804/?source=ranking%2Cunknown,2026-09-27
2910888927,R$ 1.625.000,R$ 950,R$ 3.040,106 m²,3,3,1,Sudoeste,Setor Sudoeste,apartamento,False,https://www.vivareal.com.br/imovel/apartamento-3-quartos-setor-sudoeste-bairros-brasilia-com-garagem-106m2-venda-RS1625000-id-2910888927/?source=ranking%2Cunknown,2026-09-27
2901269023,R$ 3.379.000,isento,isento,126 m²,3,4,2,Sudoeste,Setor Sudoeste,apartamento,False,https://www.vivareal.com.br/imovel/apartamento-3-quartos-setor-sudoeste-bairros-brasilia-com-garagem-126m2-venda-RS3379000-id-2901269023/?source=ranking%2Cunknown,2026-09-27
2907847734,R$ 2.350.000,R$ 1.600,R$ 1,109 m²,3,3,2,Sudoeste,Setor Sudoeste,apartamento,False,https://www.vivareal.com.br/imovel/apartamento-3-quartos-setor-sudoeste-bairros-brasilia-com-garagem-109m2-venda-RS2350000-id-2907847734/?source=ranking%2Cunknown,2026-09-27
2901043435,R$ 3.325.000,isento,isento,145 m²,4,5,3,Sudoeste,Setor Sudoeste,apartamento,False,https://www.vivareal.com.br/imovel/apartamento-4-quartos-setor-sudoeste-bairros-brasilia-com-garagem-145m2-venda-RS3325000-id-2901043435/?source=ranking%2Cunknown,2026-09-27
2907051918,R$ 450.000,R$ 414,R$ 855,30 m²,1,1,,Sudoeste,Setor Sudoeste,apartamento,False,https://www.vivareal.com.br/imovel/apartamento-1-quartos-setor-sudoeste-bairros-brasilia-30m2-venda-RS450000-id-2907051918/?source=ranking%2Cunknown,2026-09-27
2912381848,R$ 1.290.000,R$ 968,R$ 472,88 m²,3,3,1,Sudoeste,Setor Sudoeste,apartamento,False,https://www.vivareal.com.br/imovel/apartamento-3-quartos-setor-sudoeste-bairros-brasilia-com-garagem-88m2-venda-RS1290000-id-2912381848/?source=ranking%2Cunknown,2026-09-27
2860585960,R$ 380.000,R$ 600,isento,26 m²,1,1,,Sudoeste,Setor Sudoeste,apartamento,False,https://www.vivareal.com.br/imovel/apartamento-1-quartos-setor-sudoeste-bairros-brasilia-26m2-venda-RS380000-id-2860585960/?source=ranking%2Cunknown,2026-09-27
2894626202,R$ 1.400.000,R$ 800,R$ 2.818,96 m²,3,3,1,Sudoeste,Setor Sudoeste,apartamento,False,https://www.vivareal.com.br/imovel/apartamento-3-quartos-setor-sudoeste-bairros-brasilia-com-garagem-96m2-venda-RS1400000-id-2894626202/?source=ranking%2Cunknown,2026-09-27
2903669093,R$ 1.280.000,isento,isento,87 m²,3,2,1,Sudoeste,Setor Sudoeste,apartamento,False,https://www.vivareal.com.br/imovel/apartamento-3-quartos-setor-sudoeste-bairros-brasilia-com-garagem-87m2-venda-RS1280000-id-2903669093/?source=ranking%2Cunknown,2026-09-27
2854581212,R$ 449.000,R$ 505,isento,47 m²,1,1,,Sudoeste,Setor Sudoeste,apartamento,False,https://www.vivareal.com.br/imovel/apartamento-1-quartos-setor-sudoeste-bairros-brasilia-47m2-venda-RS449000-id-2854581212/?source=ranking%2Cunknown,2026-09-27
2871395085,R$ 770.000,R$ 398,R$ 1.700,97 m²,2,1,1,Sudoeste,Setor Sudoeste,apartamento,False,https://www.vivareal.com.br/imovel/apartamento-2-quartos-setor-sudoeste-bairros-brasilia-com-garagem-97m2-venda-RS770000-id-2871395085/?source=ranking%2Cunknown,2026-09-27
2906691330,R$ 429.999,R$ 630,R$ 860,25 m²,1,1,1,Sudoeste,Setor Sudoeste,apartamento,False,https://www.vivareal.com.br/imovel/apartamento-1-quartos-setor-sudoeste-bairros-brasilia-com-garagem-25m2-venda-RS429999-id-2906691330/?source=ranking%2Cunknown,2026-09-27
2800426538,R$ 470.000,R$ 550,isento,29 m²,1,1,1,Sudoeste,Setor Sudoeste,apartamento,False,https://www.vivareal.com.br/imovel/apartamento-1-quartos-setor-sudoeste-bairros-brasilia-com-garagem-29m2-venda-RS470000-id-2800426538/?source=ranking%2Cunknown,2026-09-27
2893433681,R$ 330.000,R$ 387,R$ 2.162,32 m²,1,1,,Sudoeste,Setor Sudoeste,apartamento,False,https://www.vivareal.com.br/imovel/apartamento-1-quartos-setor-sudoeste-bairros-brasilia-32m2-venda-RS330000-id-2893433681/?source=ranking%2Cunknown,2026-09-27
2901274102,R$ 4.590.000,isento,isento,168 m²,4,5,3,Sudoeste,Setor Sudoeste,apartamento,False,https://www.vivareal.com.br/imovel/apartamento-4-quartos-setor-sudoeste-bairros-brasilia-com-garagem-168m2-venda-RS4590000-id-2901274102/?source=ranking%2Cunknown,2026-09-27
2901046710,R$ 3.375.000,isento,isento,133 m²,3,4,2,Sudoeste,Setor Sudoeste,apartamento,False,https://www.vivareal.com.br/imovel/apartamento-3-quartos-setor-sudoeste-bairros-brasilia-com-garagem-133m2-venda-RS3375000-id-2901046710/?source=ranking%2Cunknown,2026-09-27
2882849982,R$ 4.500.000,R$ 4.500,isento,372 m²,4,6,4,Sudoeste,Setor Sudoeste,apartamento,False,https://www.vivareal.com.br/imovel/apartamento-4-quartos-setor-sudoeste-bairros-brasilia-com-garagem-372m2-venda-RS4500000-id-2882849982/?source=ranking%2Cunknown,2026-09-27
2878274679,R$ 1.250.000,R$ 1.136,R$ 2.760,91 m²,3,1,1,Sudoeste,Setor Sudoeste,apartamento,False,https://www.vivareal.com.br/imovel/apartamento-3-quartos-setor-sudoeste-bairros-brasilia-com-garagem-91m2-venda-RS1250000-id-2878274679/?source=ranking%2Cunknown,2026-09-27
2900036777,R$ 2.333.000,R$ 4.268,isento,194 m²,4,4,2,Sudoeste,Setor Sudoeste,apartamento,False,https://www.vivareal.com.br/imovel/apartamento-4-quartos-setor-sudoeste-bairros-brasilia-com-garagem-194m2-venda-RS2333000-id-2900036777/?source=ranking%2Cunknown,2026-09-27
2909830616,R$ 470.000,isento,isento,30 m²,1,1,,Sudoeste,Setor Sudoeste,apartamento,False,https://www.vivareal.com.br/imovel/apartamento-1-quartos-setor-sudoeste-bairros-brasilia-30m2-venda-RS470000-id-2909830616/?source=ranking%2Cunknown,2026-09-27
2907628816,R$ 445.000,R$ 490,R$ 930,30 m²,1,1,1,Sudoeste,Setor Sudoeste,apartamento,False,https://www.vivareal.com.br/imovel/apartamento-1-quartos-setor-sudoeste-bairros-brasilia-com-garagem-30m2-venda-RS445000-id-2907628816/?source=ranking%2Cunknown,2026-09-27
2904829397,R$ 1.280.000,isento,isento,83 m²,2,3,,Sudoeste,Setor Sudoeste,apartamento,False,https://www.vivareal.com.br/imovel/apartamento-2-quartos-setor-sudoeste-bairros-brasilia-83m2-venda-RS1280000-id-2904829397/?source=ranking%2Cunknown,2026-09-27
2706483316,R$ 4.600.000,isento,isento,172 m²,4,6,2,Sudoeste,Setor Sudoeste,apartamento,False,https://www.vivareal.com.br/imovel/apartamento-4-quartos-setor-sudoeste-bairros-brasilia-com-garagem-172m2-venda-RS4600000-id-2706483316/?source=ranking%2Cunknown,2026-09-27
2909260550,R$ 6.340.000,isento,isento,230 m²,4,6,4,Sudoeste,Setor Sudoeste,apartamento,False,https://www.vivareal.com.br/imovel/apartamento-4-quartos-setor-sudoeste-bairros-brasilia-com-garagem-230m2-venda-RS6340000-id-2909260550/?source=ranking%2Cunknown,2026-09-27
2902046204,R$ 6.341.000,isento,isento,230 m²,4,6,4,Sudoeste,Setor Sudoeste,apartamento,False,https://www.vivareal.com.br/imovel/apartamento-4-quartos-setor-sudoeste-bairros-brasilia-com-garagem-230m2-venda-RS6341000-id-2902046204/?source=ranking%2Cunknown,2026-09-27
2896603275,R$ 2.890.000,R$ 3.500,isento,216 m²,4,4,2,Sudoeste,Setor Sudoeste,apartamento,False,https://www.vivareal.com.br/imovel/apartamento-4-quartos-setor-sudoeste-bairros-brasilia-com-garagem-216m2-venda-RS2890000-id-2896603275/?source=ranking%2Cunknown,2026-09-27
2878275781,R$ 449.000,R$ 380,isento,26 m²,1,1,1,Sudoeste,Setor Sudoeste,apartamento,False,https://www.vivareal.com.br/imovel/apartamento-1-quartos-setor-sudoeste-bairros-brasilia-com-garagem-26m2-venda-RS449000-id-2878275781/?source=ranking%2Cunknown,2026-09-27
2903524793,R$ 450.000,isento,isento,26 m²,1,1,1,Sudoeste,Setor Sudoeste,apartamento,False,https://www.vivareal.com.br/imovel/apartamento-1-quartos-setor-sudoeste-bairros-brasilia-com-garagem-26m2-venda-RS450000-id-2903524793/?source=ranking%2Cunknown,2026-09-27
2860406415,R$ 450.000,R$ 340,R$ 5.376,26 m²,1,1,1,Sudoeste,Setor Sudoeste,apartamento,False,https://www.vivareal.com.br/imovel/apartamento-1-quartos-setor-sudoeste-bairros-brasilia-com-garagem-26m2-venda-RS450000-id-2860406415/?source=ranking%2Cunknown,2026-09-27
2891833297,R$ 4.990.000,isento,isento,172 m²,4,6,3,Sudoeste,Setor Sudoeste,apartamento,False,https://www.vivareal.com.br/imovel/apartamento-4-quartos-setor-sudoeste-bairros-brasilia-com-garagem-172m2-venda-RS4990000-id-2891833297/?source=ranking%2Cunknown,2026-09-27
2864808676,R$ 450.000,R$ 550,R$ 2.642,29 m²,1,1,1,Sudoeste,Setor Sudoeste,apartamento,False,https://www.vivareal.com.br/imovel/apartamento-1-quartos-setor-sudoeste-bairros-brasilia-com-garagem-29m2-venda-RS450000-id-2864808676/?source=ranking%2Cunknown,2026-09-27
2878278777,R$ 2.380.000,R$ 2.990,R$ 5.200,194 m²,4,5,2,Sudoeste,Setor Sudoeste,apartamento,False,https://www.vivareal.com.br/imovel/apartamento-4-quartos-setor-sudoeste-bairros-brasilia-com-garagem-194m2-venda-RS2380000-id-2878278777/?source=ranking%2Cunknown,2026-09-27
,R$ 439.000,R$ 380,R$ 128,26 - 57 m²,1,1,1,Sudoeste,Setor Sudoeste,apartamento,False,,2026-09-27
2883414878,R$ 320.000,R$ 452,isento,20 m²,1,1,1,Sudoeste,Setor Sudoeste,apartamento,False,https://www.vivareal.com.br/imovel/apartamento-1-quartos-setor-sudoeste-bairros-brasilia-com-garagem-20m2-venda-RS320000-id-2883414878/?source=ranking%2Cunknown,2026-09-27
2910627815,R$ 381.550,R$ 638,R$ 984,24 m²,1,1,,Sudoeste,Setor Sudoeste,apartamento,False,https://www.vivareal.com.br/imovel/apartamento-1-quartos-setor-sudoeste-bairros-brasilia-24m2-venda-RS381550-id-2910627815/?source=ranking%2Cunknown,2026-09-27
2910889022,R$ 2.950.000,R$ 2.762,R$ 4.839,180 m²,4,5,2,Sudoeste,Setor Sudoeste,apartamento,False,https://www.vivareal.com.br/imovel/apartamento-4-quartos-setor-sudoeste-bairros-brasilia-com-garagem-180m2-venda-RS2950000-id-2910889022/?source=ranking%2Cunknown,2026-09-27
2911013547,R$ 633.000,R$ 650,isento,38 m²,1,1,1,Sudoeste,Setor Sudoeste,apartamento,False,https://www.vivareal.com.br/imovel/apartamento-1-quartos-setor-sudoeste-bairros-brasilia-com-garagem-38m2-venda-RS633000-id-2911013547/?source=ranking%2Cunknown,2026-09-27
2878367825,R$ 9.800.000,isento,isento,500 m²,4,4,3,Sudoeste,Setor Sudoeste,apartamento,False,https://www.vivareal.com.br/imovel/apartamento-4-quartos-setor-sudoeste-bairros-brasilia-com-garagem-500m2-venda-RS9800000-id-2878367825/?source=ranking%2Cunknown,2026-09-27
2908877728,R$ 900.000,isento,isento,66 m²,3,2,1,Octogonal,Área Octogonal,apartamento,False,https://www.vivareal.com.br/imovel/apartamento-3-quartos-area-octogonal-bairros-brasilia-com-garagem-66m2-venda-RS900000-id-2908877728/?source=ranking%2Cunknown,2026-09-27
2909418530,R$ 1.090.000,R$ 850,R$ 890,68 m²,2,1,1,Octogonal,Área Octogonal,apartamento,False,https://www.vivareal.com.br/imovel/apartamento-2-quartos-area-octogonal-bairros-brasilia-com-garagem-68m2-venda-RS1090000-id-2909418530/?source=ranking%2Cunknown,2026-09-27
2875890175,R$ 435.000,R$ 350,isento,35 m²,1,1,,Octogonal,Área Octogonal,apartamento,False,https://www.vivareal.com.br/imovel/apartamento-1-quartos-area-octogonal-bairros-brasilia-35m2-venda-RS435000-id-2875890175/?source=ranking%2Cunknown,2026-09-27
2912338924,R$ 565.000,isento,isento,61 m²,3,2,,Cruzeiro Novo,Cruzeiro Novo,apartamento,False,https://www.vivareal.com.br/imovel/apartamento-3-quartos-cruzeiro-novo-bairros-brasilia-61m2-venda-RS565000-id-2912338924/?source=ranking%2Cunknown,2026-09-27
2912083518,R$ 565.000,isento,isento,61 m²,3,2,,Cruzeiro Novo,Cruzeiro Novo,apartamento,False,https://www.vivareal.com.br/imovel/apartamento-3-quartos-cruzeiro-novo-bairros-brasilia-61m2-venda-RS565000-id-2912083518/?source=ranking%2Cunknown,2026-09-27
2913590644,R$ 650.000,isento,isento,64 m²,3,1,,Cruzeiro Novo,Cruzeiro Novo,apartamento,False,https://www.vivareal.com.br/imovel/apartamento-3-quartos-cruzeiro-novo-bairros-brasilia-64m2-venda-RS650000-id-2913590644/?source=ranking%2Cunknown,2026-09-27
2881226405,R$ 524.900,R$ 350,isento,64 m²,3,2,,Cruzeiro Novo,Cruzeiro Novo,apartamento,False,https://www.vivareal.com.br/imovel/apartamento-3-quartos-cruzeiro-novo-bairros-brasilia-64m2-venda-RS524900-id-2881226405/?source=ranking%2Cunknown,2026-09-27
2910219427,R$ 395.000,R$ 493,R$ 73,48 m²,2,1,,Cruzeiro Novo,Cruzeiro Novo,apartamento,False,https://www.vivareal.com.br/imovel/apartamento-2-quartos-cruzeiro-novo-bairros-brasilia-48m2-venda-RS395000-id-2910219427/?source=ranking%2Cunknown,2026-09-27
2911477623,R$ 550.000,R$ 435,isento,62 m²,3,1,,Cruzeiro Novo,Cruzeiro Novo,apartamento,False,https://www.vivareal.com.br/imovel/apartamento-3-quartos-cruzeiro-novo-bairros-brasilia-62m2-venda-RS550000-id-2911477623/?source=ranking%2Cunknown,2026-09-27
2904204693,R$ 1.000.000,R$ 500,R$ 1.455,100 m²,3,2,3,Cruzeiro Novo,Cruzeiro Novo,apartamento,False,https://www.vivareal.com.br/imovel/apartamento-3-quartos-cruzeiro-novo-bairros-brasilia-com-garagem-100m2-venda-RS1000000-id-2904204693/?source=ranking%2Cunknown,2026-09-27
2894572293,R$ 590.000,R$ 460,R$ 1.050,63 m²,3,2,2,Cruzeiro Novo,Cruzeiro Novo,apartamento,False,https://www.vivareal.com.br/imovel/apartamento-3-quartos-cruzeiro-novo-bairros-brasilia-com-garagem-63m2-venda-RS590000-id-2894572293/?source=ranking%2Cunknown,2026-09-27
2887012208,R$ 590.000,R$ 350,R$ 1.038,56 m²,2,1,,Cruzeiro Novo,Cruzeiro Novo,apartamento,False,https://www.vivareal.com.br/imovel/apartamento-2-quartos-cruzeiro-novo-bairros-brasilia-56m2-venda-RS590000-id-2887012208/?source=ranking%2Cunknown,2026-09-27
2898690680,R$ 545.000,isento,isento,66 m²,3,1,,Cruzeiro Novo,Cruzeiro Novo,apartamento,False,https://www.vivareal.com.br/imovel/apartamento-3-quartos-cruzeiro-novo-bairros-brasilia-66m2-venda-RS545000-id-2898690680/?source=ranking%2Cunknown,2026-09-27
2910655628,R$ 560.000,R$ 550,R$ 914,65 m²,3,2,,Cruzeiro Novo,Cruzeiro Novo,apartamento,False,https://www.vivareal.com.br/imovel/apartamento-3-quartos-cruzeiro-novo-bairros-brasilia-65m2-venda-RS560000-id-2910655628/?source=ranking%2Cunknown,2026-09-27
2890560993,R$ 720.000,R$ 460,R$ 1.155,64 m²,3,2,,Cruzeiro Novo,Cruzeiro Novo,apartamento,False,https://www.vivareal.com.br/imovel/apartamento-3-quartos-cruzeiro-novo-bairros-brasilia-64m2-venda-RS720000-id-2890560993/?source=ranking%2Cunknown,2026-09-27
2913090625,R$ 599.000,R$ 444,R$ 704,63 m²,3,1,,Cruzeiro Novo,Cruzeiro Novo,apartamento,False,https://www.vivareal.com.br/imovel/apartamento-3-quartos-cruzeiro-novo-bairros-brasilia-63m2-venda-RS599000-id-2913090625/?source=ranking%2Cunknown,2026-09-27
2909743741,R$ 490.000,R$ 40.000,isento,47 m²,2,1,,Cruzeiro Novo,Cruzeiro Novo,apartamento,False,https://www.vivareal.com.br/imovel/apartamento-2-quartos-cruzeiro-novo-bairros-brasilia-47m2-venda-RS490000-id-2909743741/?source=ranking%2Cunknown,2026-09-27
2878275076,R$ 190.000,isento,isento,22 m²,1,1,,Lago Sul,Setor de Habitações Individuais Sul,kitnet,False,https://www.vivareal.com.br/imovel/kitnet-1-quartos-lago-sul-bairros-brasilia-22m2-venda-RS190000-id-2878275076/?source=ranking%2Cunknown,2026-09-27
2427756446,R$ 1.450.000,R$ 550,R$ 250,400 m²,4,5,6,Lago Sul,Setor Habitacional Jardim Botânico,casa,False,https://www.vivareal.com.br/imovel/casa-4-quartos-lago-sul-bairros-brasilia-com-garagem-400m2-venda-RS1450000-id-2427756446/?source=ranking%2Cunknown,2026-09-27
2909703227,R$ 286.000,isento,isento,45 m²,1,1,2,Lago Sul,,casa,False,https://www.vivareal.com.br/imovel/casa-1-quartos-lago-sul-bairros-brasilia-com-garagem-45m2-venda-RS286000-id-2909703227/?source=ranking%2Cunknown,2026-09-27
2909706518,R$ 1.150.000,isento,isento,300 m²,3,4,2,Lago Sul,,casa,False,https://www.vivareal.com.br/imovel/casa-de-condominio-3-quartos-lago-sul-bairros-brasilia-com-garagem-300m2-venda-RS1150000-id-2909706518/?source=ranking%2Cunknown,2026-09-27
2890076073,R$ 2.490.000,isento,isento,293 m²,5,5,4,Lago Sul,Setor de Habitações Individuais Sul,casa,False,https://www.vivareal.com.br/imovel/casa-5-quartos-lago-sul-bairros-brasilia-com-garagem-293m2-venda-RS2490000-id-2890076073/?source=ranking%2Cunknown,2026-09-27
2879740081,R$ 3.290.000,isento,R$ 4.280,650 m²,5,5,4,Lago Sul,Setor de Habitações Individuais Sul,casa,False,https://www.vivareal.com.br/imovel/casa-5-quartos-lago-sul-bairros-brasilia-com-garagem-650m2-venda-RS3290000-id-2879740081/?source=ranking%2Cunknown,2026-09-27
2896116424,R$ 3.299.000,isento,isento,809 m²,4,8,,Lago Sul,Setor de Habitações Individuais Sul,casa,False,https://www.vivareal.com.br/imovel/casa-4-quartos-lago-sul-bairros-brasilia-809m2-venda-RS3299000-id-2896116424/?source=ranking%2Cunknown,2026-09-27
2864021092,R$ 7.000.000,isento,R$ 5.000,673 m²,5,7,22,Lago Sul,Setor de Habitações Individuais Sul,casa,False,https://www.vivareal.com.br/imovel/casa-5-quartos-lago-sul-bairros-brasilia-com-garagem-673m2-venda-RS7000000-id-2864021092/?source=ranking%2Cunknown,2026-09-27
2914079682,R$ 3.900.000,isento,isento,780 m²,6,7,,Lago Sul,Setor de Habitações Individuais Sul,casa,False,https://www.vivareal.com.br/imovel/casa-6-quartos-lago-sul-bairros-brasilia-780m2-venda-RS3900000-id-2914079682/?source=ranking%2Cunknown,2026-09-27
2875138525,R$ 1.550.000,isento,isento,360 m²,3,5,2,Lago Sul,Setor Habitacional Jardim Botânico,casa,False,https://www.vivareal.com.br/imovel/casa-3-quartos-lago-sul-bairros-brasilia-com-garagem-360m2-venda-RS1550000-id-2875138525/?source=ranking%2Cunknown,2026-09-27
2878368906,R$ 3.590.000,isento,isento,450 m²,4,4,3,Lago Sul,Setor de Habitações Individuais Sul,casa,False,https://www.vivareal.com.br/imovel/casa-4-quartos-lago-sul-bairros-brasilia-com-garagem-450m2-venda-RS3590000-id-2878368906/?source=ranking%2Cunknown,2026-09-27
2719314249,R$ 1.200.000,isento,R$ 1.522,523 m²,5,4,4,Lago Sul,Setor Habitacional Jardim Botânico,casa,False,https://www.vivareal.com.br/imovel/casa-5-quartos-lago-sul-bairros-brasilia-com-garagem-523m2-venda-RS1200000-id-2719314249/?source=ranking%2Cunknown,2026-09-27
2822264558,R$ 6.950.000,isento,R$ 8.600,719 m²,4,11,10,Lago Sul,Setor de Habitações Individuais Sul,casa,False,https://www.vivareal.com.br/imovel/casa-4-quartos-lago-sul-bairros-brasilia-com-garagem-719m2-venda-RS6950000-id-2822264558/?source=ranking%2Cunknown,2026-09-27
2902601301,R$ 3.390.000,isento,R$ 4.863,648 m²,6,3,6,Lago Sul,Setor de Habitações Individuais Sul,casa,False,https://www.vivareal.com.br/imovel/casa-6-quartos-lago-sul-bairros-brasilia-com-garagem-648m2-venda-RS3390000-id-2902601301/?source=ranking%2Cunknown,2026-09-27
2776428239,R$ 3.200.000,isento,isento,638 m²,6,6,6,Lago Sul,Setor de Habitações Individuais Sul,casa,False,https://www.vivareal.com.br/imovel/sobrado-6-quartos-lago-sul-bairros-brasilia-com-garagem-638m2-venda-RS3200000-id-2776428239/?source=ranking%2Cunknown,2026-09-27
2880426681,R$ 3.700.000,isento,isento,550 m²,4,7,3,Lago Sul,Setor de Habitações Individuais Sul,casa,False,https://www.vivareal.com.br/imovel/casa-4-quartos-lago-sul-bairros-brasilia-com-garagem-550m2-venda-RS3700000-id-2880426681/?source=ranking%2Cunknown,2026-09-27
2785740417,R$ 1.950.000,isento,isento,450 m²,4,8,4,Lago Sul,Setor de Habitações Individuais Sul,casa,False,https://www.vivareal.com.br/imovel/casa-4-quartos-lago-sul-bairros-brasilia-com-garagem-450m2-venda-RS1950000-id-2785740417/?source=ranking%2Cunknown,2026-09-27
2893280381,R$ 3.630.000,isento,R$ 5.712,700 m²,5,5,4,Lago Sul,Setor de Habitações Individuais Sul,casa,False,https://www.vivareal.com.br/imovel/casa-5-quartos-lago-sul-bairros-brasilia-com-garagem-700m2-venda-RS3630000-id-2893280381/?source=ranking%2Cunknown,2026-09-27
2897495130,R$ 2.250.000,R$ 350,R$ 2.600,263 m²,4,6,4,Lago Sul,Setor de Habitações Individuais Sul,casa,False,https://www.vivareal.com.br/imovel/casa-4-quartos-lago-sul-bairros-brasilia-com-garagem-263m2-venda-RS2250000-id-2897495130/?source=ranking%2Cunknown,2026-09-27
2869573987,R$ 3.000.000,isento,isento,356 m²,5,5,2,Lago Sul,Setor de Habitações Individuais Sul,casa,False,https://www.vivareal.com.br/imovel/sobrado-5-quartos-lago-sul-bairros-brasilia-com-garagem-356m2-venda-RS3000000-id-2869573987/?source=ranking%2Cunknown,2026-09-27
2706483919,R$ 3.290.000,isento,isento,600 m²,5,6,7,Lago Sul,Setor de Habitações Individuais Sul,casa,False,https://www.vivareal.com.br/imovel/casa-5-quartos-lago-sul-bairros-brasilia-com-garagem-600m2-venda-RS3290000-id-2706483919/?source=ranking%2Cunknown,2026-09-27
2910045214,R$ 4.600.000,isento,R$ 5.300,600 m²,4,4,6,Lago Sul,Setor de Habitações Individuais Sul,casa,False,https://www.vivareal.com.br/imovel/casa-4-quartos-lago-sul-bairros-brasilia-com-garagem-600m2-venda-RS4600000-id-2910045214/?source=ranking%2Cunknown,2026-09-27
2902219532,R$ 3.300.000,isento,isento,720 m²,8,3,4,Lago Sul,Setor de Habitações Individuais Sul,casa,False,https://www.vivareal.com.br/imovel/casa-8-quartos-lago-sul-bairros-brasilia-com-garagem-720m2-venda-RS3300000-id-2902219532/?source=ranking%2Cunknown,2026-09-27
2909706752,R$ 2.200.000,isento,isento,400 m²,3,5,4,Lago Sul,,casa,False,https://www.vivareal.com.br/imovel/casa-3-quartos-lago-sul-bairros-brasilia-com-garagem-400m2-venda-RS2200000-id-2909706752/?source=ranking%2Cunknown,2026-09-27
2909489628,R$ 6.800.000,isento,isento,673 m²,5,7,,Lago Sul,Setor de Habitações Individuais Sul,casa,False,https://www.vivareal.com.br/imovel/casa-5-quartos-lago-sul-bairros-brasilia-673m2-venda-RS6800000-id-2909489628/?source=ranking%2Cunknown,2026-09-27
2872078165,R$ 4.400.000,isento,R$ 6.000,600 m²,3,5,6,Lago Sul,Setor de Habitações Individuais Sul,casa,False,https://www.vivareal.com.br/imovel/casa-3-quartos-lago-sul-bairros-brasilia-com-garagem-600m2-venda-RS4400000-id-2872078165/?source=ranking%2Cunknown,2026-09-27
2912483360,R$ 3.490.000,isento,R$ 4.971,636 m²,5,5,5,Lago Sul,Setor de Habitações Individuais Sul,casa,False,https://www.vivareal.com.br/imovel/casa-5-quartos-lago-sul-bairros-brasilia-com-garagem-636m2-venda-RS3490000-id-2912483360/?source=ranking%2Cunknown,2026-09-27
2849362218,R$ 4.800.000,isento,isento,429 m²,4,6,4,Lago Sul,Setor de Habitações Individuais Sul,casa,False,https://www.vivareal.com.br/imovel/casa-4-quartos-lago-sul-bairros-brasilia-com-garagem-429m2-venda-RS4800000-id-2849362218/?source=ranking%2Cunknown,2026-09-27
2913910442,R$ 24.900.000,isento,isento,250 m²,6,3,,Lago Sul,Setor de Habitações Individuais Sul,casa,False,https://www.vivareal.com.br/imovel/casa-6-quartos-lago-sul-bairros-brasilia-250m2-venda-RS24900000-id-2913910442/?source=ranking%2Cunknown,2026-09-27
2881114574,R$ 4.800.000,isento,R$ 4.031,623 m²,5,5,4,Lago Sul,Setor de Habitações Individuais Sul,casa,False,https://www.vivareal.com.br/imovel/casa-5-quartos-lago-sul-bairros-brasilia-com-garagem-623m2-venda-RS4800000-id-2881114574/?source=ranking%2Cunknown,2026-09-27
2878751659,R$ 4.300.000,isento,isento,429 m²,5,4,5,Lago Sul,Setor de Habitações Individuais Sul,casa,False,https://www.vivareal.com.br/imovel/casa-5-quartos-lago-sul-bairros-brasilia-com-garagem-429m2-venda-RS4300000-id-2878751659/?source=ranking%2Cunknown,2026-09-27
2723038406,R$ 3.500.000,isento,R$ 7.472,1121 m²,5,7,8,Lago Sul,Setor de Habitações Individuais Sul,casa,False,https://www.vivareal.com.br/imovel/casa-5-quartos-lago-sul-bairros-brasilia-com-garagem-1121m2-venda-RS3500000-id-2723038406/?source=ranking%2Cunknown,2026-09-27
2872078166,R$ 5.250.000,isento,R$ 6.000,400 m²,4,6,6,Lago Sul,Setor de Habitações Individuais Sul,casa,False,https://www.vivareal.com.br/imovel/casa-4-quartos-lago-sul-bairros-brasilia-com-garagem-400m2-venda-RS5250000-id-2872078166/?source=ranking%2Cunknown,2026-09-27
2796678633,R$ 2.990.000,isento,R$ 5.262,480 m²,4,5,2,Lago Sul,Setor de Habitações Individuais Sul,casa,False,https://www.vivareal.com.br/imovel/casa-4-quartos-lago-sul-bairros-brasilia-com-garagem-480m2-venda-RS2990000-id-2796678633/?source=ranking%2Cunknown,2026-09-27
2864021575,R$ 8.000.000,isento,isento,800 m²,5,3,3,Lago Sul,Setor de Habitações Individuais Sul,casa,False,https://www.vivareal.com.br/imovel/casa-5-quartos-lago-sul-bairros-brasilia-com-garagem-800m2-venda-RS8000000-id-2864021575/?source=ranking%2Cunknown,2026-09-27
2878276191,R$ 6.500.000,isento,isento,1000 m²,5,7,5,Lago Sul,Setor de Habitações Individuais Sul,casa,False,https://www.vivareal.com.br/imovel/casa-5-quartos-lago-sul-bairros-brasilia-com-garagem-1000m2-venda-RS6500000-id-2878276191/?source=ranking%2Cunknown,2026-09-27
2878369230,R$ 9.300.000,isento,isento,600 m²,4,5,3,Lago Sul,Setor de Habitações Individuais Sul,casa,False,https://www.vivareal.com.br/imovel/casa-4-quartos-lago-sul-bairros-brasilia-com-garagem-600m2-venda-RS9300000-id-2878369230/?source=ranking%2Cunknown,2026-09-27
2881105481,R$ 11.500.000,isento,isento,600 m²,4,8,3,Lago Sul,Setor de Habitações Individuais Sul,casa,False,https://www.vivareal.com.br/imovel/casa-4-quartos-lago-sul-bairros-brasilia-com-garagem-600m2-venda-RS11500000-id-2881105481/?source=ranking%2Cunknown,2026-09-27
2878369897,R$ 10.300.000,isento,isento,890 m²,5,6,4,Lago Sul,Setor de Habitações Individuais Sul,casa,False,https://www.vivareal.com.br/imovel/casa-5-quartos-lago-sul-bairros-brasilia-com-garagem-890m2-venda-RS10300000-id-2878369897/?source=ranking%2Cunknown,2026-09-27
2873991190,R$ 9.300.000,isento,isento,600 m²,4,6,4,Lago Sul,Setor de Habitações Individuais Sul,casa,False,https://www.vivareal.com.br/imovel/casa-4-quartos-lago-sul-bairros-brasilia-com-garagem-600m2-venda-RS9300000-id-2873991190/?source=ranking%2Cunknown,2026-09-27
2879469212,R$ 5.500.000,isento,R$ 6.600,733 m²,6,9,4,Lago Sul,Setor de Habitações Individuais Sul,casa,False,https://www.vivareal.com.br/imovel/casa-6-quartos-lago-sul-bairros-brasilia-com-garagem-733m2-venda-RS5500000-id-2879469212/?source=ranking%2Cunknown,2026-09-27
2878278877,R$ 5.750.000,isento,isento,700 m²,5,11,4,Lago Sul,Setor de Habitações Individuais Sul,casa,False,https://www.vivareal.com.br/imovel/casa-5-quartos-lago-sul-bairros-brasilia-com-garagem-700m2-venda-RS5750000-id-2878278877/?source=ranking%2Cunknown,2026-09-27
2911158246,R$ 5.500.000,isento,isento,600 m²,5,8,6,Lago Sul,Setor de Habitações Individuais Sul,casa,False,https://www.vivareal.com.br/imovel/casa-5-quartos-lago-sul-bairros-brasilia-com-garagem-600m2-venda-RS5500000-id-2911158246/?source=ranking%2Cunknown,2026-09-27
2878278080,R$ 16.000.000,isento,isento,1538 m²,8,3,9,Lago Sul,Setor de Habitações Individuais Sul,casa,False,https://www.vivareal.com.br/imovel/casa-8-quartos-lago-sul-bairros-brasilia-com-garagem-1538m2-venda-RS16000000-id-2878278080/?source=ranking%2Cunknown,2026-09-27
2902272611,R$ 45.000.000,R$ 1.115,R$ 3.983,1207 m²,7,12,6,Lago Sul,Setor de Habitações Individuais Sul,casa,False,https://www.vivareal.com.br/imovel/casa-de-condominio-7-quartos-lago-sul-bairros-brasilia-com-garagem-1207m2-venda-RS45000000-id-2902272611/?source=ranking%2Cunknown,2026-09-27
2706693760,R$ 6.200.000,isento,isento,776 m²,6,6,6,Lago Sul,Setor de Habitações Individuais Sul,casa,False,https://www.vivareal.com.br/imovel/casa-6-quartos-lago-sul-bairros-brasilia-com-garagem-776m2-venda-RS6200000-id-2706693760/?source=ranking%2Cunknown,2026-09-27
2792219324,R$ 4.500.000,isento,R$ 2.665,770 m²,6,9,7,Lago Sul,Setor de Habitações Individuais Sul,casa,False,https://www.vivareal.com.br/imovel/casa-6-quartos-lago-sul-bairros-brasilia-com-garagem-770m2-venda-RS4500000-id-2792219324/?source=ranking%2Cunknown,2026-09-27
2651122996,R$ 222.000,R$ 350,R$ 713,25 m²,1,1,,Lago Norte,Setor de Habitações Individuais Norte,kitnet,False,https://www.vivareal.com.br/imovel/kitnet-1-quartos-lago-norte-bairros-brasilia-25m2-venda-RS222000-id-2651122996/?source=ranking%2Cunknown,2026-09-27
2869040423,R$ 420.000,R$ 550,R$ 800,33 m²,1,1,1,Lago Norte,Setor de Habitações Individuais Norte,kitnet,False,https://www.vivareal.com.br/imovel/kitnet-1-quartos-lago-norte-bairros-brasilia-com-garagem-33m2-venda-RS420000-id-2869040423/?source=ranking%2Cunknown,2026-09-27
2912302107,R$ 345.000,R$ 450,R$ 978,32 m²,1,1,1,Lago Norte,Setor de Habitações Individuais Norte,kitnet,False,https://www.vivareal.com.br/imovel/kitnet-1-quartos-lago-norte-bairros-brasilia-com-garagem-32m2-venda-RS345000-id-2912302107/?source=ranking%2Cunknown,2026-09-27
2896270004,R$ 345.000,R$ 389,R$ 894,28 m²,1,1,1,Lago Norte,Setor de Habitações Individuais Norte,kitnet,False,https://www.vivareal.com.br/imovel/kitnet-1-quartos-lago-norte-bairros-brasilia-com-garagem-28m2-venda-RS345000-id-2896270004/?source=ranking%2Cunknown,2026-09-27
2815577918,R$ 390.000,R$ 390,isento,28 m²,1,1,1,Lago Norte,Setor de Habitações Individuais Norte,kitnet,False,https://www.vivareal.com.br/imovel/kitnet-1-quartos-lago-norte-bairros-brasilia-com-garagem-28m2-venda-RS390000-id-2815577918/?source=ranking%2Cunknown,2026-09-27
2890633278,R$ 320.000,isento,isento,140 m²,3,3,4,Lago Norte,Setor de Mansões do Lago Norte,casa,False,https://www.vivareal.com.br/imovel/casa-3-quartos-lago-norte-bairros-brasilia-com-garagem-140m2-venda-RS320000-id-2890633278/?source=ranking%2Cunknown,2026-09-27
2885194079,R$ 1.495.000,R$ 500,R$ 2.450,331 m²,5,6,4,Lago Norte,Setor de Mansões do Lago Norte,casa,False,https://www.vivareal.com.br/imovel/casa-5-quartos-lago-norte-bairros-brasilia-com-garagem-331m2-venda-RS1495000-id-2885194079/?source=ranking%2Cunknown,2026-09-27
2908117758,R$ 220.000,isento,isento,120 m²,1,2,4,Lago Norte,Setor de Mansões do Lago Norte,casa,False,https://www.vivareal.com.br/imovel/casa-1-quartos-lago-norte-bairros-brasilia-com-garagem-120m2-venda-RS220000-id-2908117758/?source=ranking%2Cunknown,2026-09-27
2820066659,R$ 799.000,isento,isento,266 m²,2,4,4,Lago Norte,,casa,False,https://www.vivareal.com.br/imovel/sobrado-2-quartos-lago-norte-bairros-brasilia-com-garagem-266m2-venda-RS799000-id-2820066659/?source=ranking%2Cunknown,2026-09-27
2502681777,R$ 1.530.000,isento,isento,300 m²,4,5,2,Lago Norte,,casa,False,https://www.vivareal.com.br/imovel/casa-4-quartos-lago-norte-bairros-brasilia-com-garagem-300m2-venda-RS1530000-id-2502681777/?source=ranking%2Cunknown,2026-09-27
2865079771,R$ 1.100.000,R$ 180,R$ 2.400,400 m²,2,3,4,Lago Norte,Setor de Mansões do Lago Norte,casa,False,https://www.vivareal.com.br/imovel/casa-2-quartos-lago-norte-bairros-brasilia-com-garagem-400m2-venda-RS1100000-id-2865079771/?source=ranking%2Cunknown,2026-09-27
2711119382,R$ 3.200.000,isento,R$ 4.500,406 m²,5,6,5,Lago Norte,Setor de Mansões do Lago Norte,casa,False,https://www.vivareal.com.br/imovel/casa-5-quartos-lago-norte-bairros-brasilia-com-garagem-406m2-venda-RS3200000-id-2711119382/?source=ranking%2Cunknown,2026-09-27
2695729774,R$ 190.000,isento,isento,110 m²,3,2,,Lago Norte,Setor de Mansões do Lago Norte,casa,False,https://www.vivareal.com.br/imovel/casa-3-quartos-lago-norte-bairros-brasilia-110m2-venda-RS190000-id-2695729774/?source=ranking%2Cunknown,2026-09-27
2870857277,R$ 2.200.000,isento,R$ 4.016,343 m²,5,6,4,Lago Norte,Setor de Habitações Individuais Norte,casa,False,https://www.vivareal.com.br/imovel/casa-5-quartos-lago-norte-bairros-brasilia-com-garagem-343m2-venda-RS2200000-id-2870857277/?source=ranking%2Cunknown,2026-09-27
2859630563,R$ 2.398.000,isento,R$ 4.677,430 m²,4,6,3,Lago Norte,Setor de Habitações Individuais Norte,casa,False,https://www.vivareal.com.br/imovel/casa-4-quartos-lago-norte-bairros-brasilia-com-garagem-430m2-venda-RS2398000-id-2859630563/?source=ranking%2Cunknown,2026-09-27
2896268621,R$ 2.590.000,isento,R$ 820,406 m²,4,8,5,Lago Norte,Setor de Habitações Individuais Norte,casa,False,https://www.vivareal.com.br/imovel/casa-4-quartos-lago-norte-bairros-brasilia-com-garagem-406m2-venda-RS2590000-id-2896268621/?source=ranking%2Cunknown,2026-09-27
2643246964,R$ 1.380.000,isento,isento,487 m²,4,5,6,Lago Norte,Setor de Mansões do Lago Norte,casa,False,https://www.vivareal.com.br/imovel/casa-4-quartos-lago-norte-bairros-brasilia-com-garagem-487m2-venda-RS1380000-id-2643246964/?source=ranking%2Cunknown,2026-09-27
2443781325,R$ 2.600.000,isento,R$ 4.782,636 m²,4,8,2,Lago Norte,Setor de Habitações Individuais Norte,casa,False,https://www.vivareal.com.br/imovel/sobrado-4-quartos-lago-norte-bairros-brasilia-com-garagem-636m2-venda-RS2600000-id-2443781325/?source=ranking%2Cunknown,2026-09-27
2676640602,R$ 3.200.000,R$ 500,isento,700 m²,6,7,8,Lago Norte,Setor de Mansões do Lago Norte,casa,False,https://www.vivareal.com.br/imovel/casa-6-quartos-lago-norte-bairros-brasilia-com-garagem-700m2-venda-RS3200000-id-2676640602/?source=ranking%2Cunknown,2026-09-27
2896606300,R$ 3.200.000,isento,R$ 3.624,557 m²,4,7,2,Lago Norte,Setor de Habitações Individuais Norte,casa,False,https://www.vivareal.com.br/imovel/casa-4-quartos-lago-norte-bairros-brasilia-com-garagem-557m2-venda-RS3200000-id-2896606300/?source=ranking%2Cunknown,2026-09-27
2757772214,R$ 1.880.000,isento,isento,228 m²,3,4,2,Lago Norte,Setor de Mansões do Lago Norte,casa,False,https://www.vivareal.com.br/imovel/casa-3-quartos-lago-norte-bairros-brasilia-com-garagem-228m2-venda-RS1880000-id-2757772214/?source=ranking%2Cunknown,2026-09-27
2881750099,R$ 2.950.000,isento,isento,400 m²,3,2,5,Lago Norte,Setor de Mansões do Lago Norte,casa,False,https://www.vivareal.com.br/imovel/casa-3-quartos-lago-norte-bairros-brasilia-com-garagem-400m2-venda-RS2950000-id-2881750099/?source=ranking%2Cunknown,2026-09-27
2846246522,R$ 3.590.000,isento,R$ 4.312,447 m²,3,6,4,Lago Norte,Setor de Habitações Individuais Norte,casa,False,https://www.vivareal.com.br/imovel/casa-3-quartos-lago-norte-bairros-brasilia-com-garagem-447m2-venda-RS3590000-id-2846246522/?source=ranking%2Cunknown,2026-09-27
2891842691,R$ 1.600.000,isento,isento,400 m²,4,5,3,Lago Norte,Setor de Mansões do Lago Norte,casa,False,https://www.vivareal.com.br/imovel/casa-4-quartos-lago-norte-bairros-brasilia-com-garagem-400m2-venda-RS1600000-id-2891842691/?source=ranking%2Cunknown,2026-09-27
2904846005,R$ 4.759.000,isento,isento,377 m²,4,6,4,Lago Norte,Setor de Habitações Individuais Norte,casa,False,https://www.vivareal.com.br/imovel/casa-4-quartos-lago-norte-bairros-brasilia-com-garagem-377m2-venda-RS4759000-id-2904846005/?source=ranking%2Cunknown,2026-09-27
2864020968,R$ 3.500.000,isento,isento,600 m²,5,6,2,Lago Norte,Setor de Habitações Individuais Norte,casa,False,https://www.vivareal.com.br/imovel/casa-5-quartos-lago-norte-bairros-brasilia-com-garagem-600m2-venda-RS3500000-id-2864020968/?source=ranking%2Cunknown,2026-09-27
2579373908,R$ 3.800.000,isento,R$ 3.172,550 m²,6,5,3,Lago Norte,Setor de Habitações Individuais Norte,casa,False,https://www.vivareal.com.br/imovel/casa-6-quartos-lago-norte-bairros-brasilia-com-garagem-550m2-venda-RS3800000-id-2579373908/?source=ranking%2Cunknown,2026-09-27
2887519707,R$ 2.600.000,isento,R$ 4.540,546 m²,4,7,8,Lago Norte,Setor de Habitações Individuais Norte,casa,False,https://www.vivareal.com.br/imovel/casa-4-quartos-lago-norte-bairros-brasilia-com-garagem-546m2-venda-RS2600000-id-2887519707/?source=ranking%2Cunknown,2026-09-27
2881541352,R$ 4.180.000,isento,R$ 5.610,540 m²,5,8,4,Lago Norte,Setor de Habitações Individuais Norte,casa,False,https://www.vivareal.com.br/imovel/casa-5-quartos-lago-norte-bairros-brasilia-com-garagem-540m2-venda-RS4180000-id-2881541352/?source=ranking%2Cunknown,2026-09-27
2900797777,R$ 2.398.000,isento,R$ 4.331,668 m²,5,4,3,Lago Norte,Setor de Habitações Individuais Norte,casa,False,https://www.vivareal.com.br/imovel/casa-5-quartos-lago-norte-bairros-brasilia-com-garagem-668m2-venda-RS2398000-id-2900797777/?source=ranking%2Cunknown,2026-09-27
2898356988,R$ 2.000.000,isento,isento,400 m²,3,4,2,Lago Norte,Setor de Mansões do Lago Norte,casa,False,https://www.vivareal.com.br/imovel/casa-3-quartos-lago-norte-bairros-brasilia-com-garagem-400m2-venda-RS2000000-id-2898356988/?source=ranking%2Cunknown,2026-09-27
2789257330,R$ 3.250.000,isento,isento,817 m²,4,5,6,Lago Norte,Setor de Habitações Individuais Norte,casa,False,https://www.vivareal.com.br/imovel/casa-4-quartos-lago-norte-bairros-brasilia-com-garagem-817m2-venda-RS3250000-id-2789257330/?source=ranking%2Cunknown,2026-09-27
2715732394,R$ 3.500.000,isento,R$ 4.200,600 m²,5,6,5,Lago Norte,Setor de Habitações Individuais Norte,casa,False,https://www.vivareal.com.br/imovel/casa-5-quartos-lago-norte-bairros-brasilia-com-garagem-600m2-venda-RS3500000-id-2715732394/?source=ranking%2Cunknown,2026-09-27
2878820093,R$ 2.150.000,R$ 100,isento,386 m²,5,5,4,Lago Norte,Setor de Mansões do Lago Norte,casa,False,https://www.vivareal.com.br/imovel/casa-5-quartos-lago-norte-bairros-brasilia-com-garagem-386m2-venda-RS2150000-id-2878820093/?source=ranking%2Cunknown,2026-09-27
2849732831,R$ 2.700.000,isento,R$ 4.750,619 m²,6,6,4,Lago Norte,Setor de Habitações Individuais Norte,casa,False,https://www.vivareal.com.br/imovel/casa-6-quartos-lago-norte-bairros-brasilia-com-garagem-619m2-venda-RS2700000-id-2849732831/?source=ranking%2Cunknown,2026-09-27
2906342803,R$ 3.400.000,isento,isento,847 m²,4,4,2,Lago Norte,Setor de Habitações Individuais Norte,casa,False,https://www.vivareal.com.br/imovel/casa-4-quartos-lago-norte-bairros-brasilia-com-garagem-847m2-venda-RS3400000-id-2906342803/?source=ranking%2Cunknown,2026-09-27
2903109666,R$ 3.600.000,isento,R$ 15.792,2598 m²,6,6,4,Lago Norte,Setor de Habitações Individuais Norte,casa,False,https://www.vivareal.com.br/imovel/casa-6-quartos-lago-norte-bairros-brasilia-com-garagem-2598m2-venda-RS3600000-id-2903109666/?source=ranking%2Cunknown,2026-09-27
2823957426,R$ 1.890.000,isento,R$ 3.288,364 m²,4,5,5,Lago Norte,Setor de Habitações Individuais Norte,casa,False,https://www.vivareal.com.br/imovel/casa-4-quartos-lago-norte-bairros-brasilia-com-garagem-364m2-venda-RS1890000-id-2823957426/?source=ranking%2Cunknown,2026-09-27
2903034100,R$ 3.900.000,isento,isento,400 m²,4,7,5,Lago Norte,Setor de Habitações Individuais Norte,casa,False,https://www.vivareal.com.br/imovel/casa-4-quartos-lago-norte-bairros-brasilia-com-garagem-400m2-venda-RS3900000-id-2903034100/?source=ranking%2Cunknown,2026-09-27
2913422113,R$ 2.400.000,isento,isento,400 m²,4,3,6,Lago Norte,Setor de Habitações Individuais Norte,casa,False,https://www.vivareal.com.br/imovel/casa-4-quartos-lago-norte-bairros-brasilia-com-garagem-400m2-venda-RS2400000-id-2913422113/?source=ranking%2Cunknown,2026-09-27
2833471422,R$ 4.575.000,isento,R$ 5.389,916 m²,4,7,12,Lago Norte,Setor de Habitações Individuais Norte,casa,False,https://www.vivareal.com.br/imovel/casa-4-quartos-lago-norte-bairros-brasilia-com-garagem-916m2-venda-RS4575000-id-2833471422/?source=ranking%2Cunknown,2026-09-27
2853004327,R$ 2.290.000,isento,R$ 3.984,396 m²,4,6,6,Lago Norte,Setor de Habitações Individuais Norte,casa,False,https://www.vivareal.com.br/imovel/casa-4-quartos-lago-norte-bairros-brasilia-com-garagem-396m2-venda-RS2290000-id-2853004327/?source=ranking%2Cunknown,2026-09-27
2878756802,R$ 4.580.000,isento,isento,900 m²,4,3,4,Lago Norte,Setor de Habitações Individuais Norte,casa,False,https://www.vivareal.com.br/imovel/casa-4-quartos-lago-norte-bairros-brasilia-com-garagem-900m2-venda-RS4580000-id-2878756802/?source=ranking%2Cunknown,2026-09-27
2902856536,R$ 2.400.000,isento,isento,457 m²,4,4,6,Lago Norte,Setor de Habitações Individuais Norte,casa,False,https://www.vivareal.com.br/imovel/casa-4-quartos-lago-norte-bairros-brasilia-com-garagem-457m2-venda-RS2400000-id-2902856536/?source=ranking%2Cunknown,2026-09-27
2747262195,R$ 4.300.000,isento,R$ 6.379,504 m²,5,8,4,Lago Norte,Setor de Habitações Individuais Norte,casa,False,https://www.vivareal.com.br/imovel/casa-5-quartos-lago-norte-bairros-brasilia-com-garagem-504m2-venda-RS4300000-id-2747262195/?source=ranking%2Cunknown,2026-09-27
2839486142,R$ 4.100.000,isento,R$ 6.480,869 m²,5,8,2,Lago Norte,Setor de Habitações Individuais Norte,casa,False,https://www.vivareal.com.br/imovel/casa-5-quartos-lago-norte-bairros-brasilia-com-garagem-869m2-venda-RS4100000-id-2839486142/?source=ranking%2Cunknown,2026-09-27
2577345569,R$ 3.000.000,isento,isento,400 m²,4,4,,Lago Norte,Setor de Mansões do Lago Norte,casa,False,https://www.vivareal.com.br/imovel/casa-4-quartos-lago-norte-bairros-brasilia-400m2-venda-RS3000000-id-2577345569/?source=ranking%2Cunknown,2026-09-27
2874104406,R$ 5.000.000,isento,R$ 5.936,618 m²,4,8,2,Lago Norte,Setor de Habitações Individuais Norte,casa,False,https://www.vivareal.com.br/imovel/casa-4-quartos-lago-norte-bairros-brasilia-com-garagem-618m2-venda-RS5000000-id-2874104406/?source=ranking%2Cunknown,2026-09-27
2878274980,R$ 5.990.000,isento,isento,5325 m²,3,3,4,Lago Norte,Setor de Mansões do Lago Norte,casa,False,https://www.vivareal.com.br/imovel/casa-3-quartos-lago-norte-bairros-brasilia-com-garagem-5325m2-venda-RS5990000-id-2878274980/?source=ranking%2Cunknown,2026-09-27
2756105775,R$ 3.950.000,isento,isento,703 m²,5,7,2,Lago Norte,Setor de Habitações Individuais Norte,casa,False,https://www.vivareal.com.br/imovel/casa-5-quartos-lago-norte-bairros-brasilia-com-garagem-703m2-venda-RS3950000-id-2756105775/?source=ranking%2Cunknown,2026-09-27
2878276986,R$ 5.200.000,isento,R$ 6.000,504 m²,5,6,4,Lago Norte,Setor de Habitações Individuais Norte,casa,False,https://www.vivareal.com.br/imovel/casa-5-quartos-lago-norte-bairros-brasilia-com-garagem-504m2-venda-RS5200000-id-2878276986/?source=ranking%2Cunknown,2026-09-27
2905064415,R$ 3.800.000,isento,isento,470 m²,4,8,9,Lago Norte,Setor de Habitações Individuais Norte,casa,False,https://www.vivareal.com.br/imovel/casa-4-quartos-lago-norte-bairros-brasilia-com-garagem-470m2-venda-RS3800000-id-2905064415/?source=ranking%2Cunknown,2026-09-27
2873308334,R$ 5.300.000,isento,R$ 4.200,587 m²,5,8,3,Lago Norte,Setor de Habitações Individuais Norte,casa,False,https://www.vivareal.com.br/imovel/casa-5-quartos-lago-norte-bairros-brasilia-com-garagem-587m2-venda-RS5300000-id-2873308334/?source=ranking%2Cunknown,2026-09-27
2907597364,R$ 3.200.000,isento,isento,500 m²,4,6,7,Lago Norte,Setor de Habitações Individuais Norte,casa,False,https://www.vivareal.com.br/imovel/casa-4-quartos-lago-norte-bairros-brasilia-com-garagem-500m2-venda-RS3200000-id-2907597364/?source=ranking%2Cunknown,2026-09-27
2885637130,R$ 4.900.000,isento,R$ 5.628,687 m²,4,8,3,Lago Norte,Setor de Habitações Individuais Norte,casa,False,https://www.vivareal.com.br/imovel/casa-4-quartos-lago-norte-bairros-brasilia-com-garagem-687m2-venda-RS4900000-id-2885637130/?source=ranking%2Cunknown,2026-09-27
2828700238,R$ 5.000.000,isento,R$ 6.347,848 m²,8,10,6,Lago Norte,Setor de Habitações Individuais Norte,casa,False,https://www.vivareal.com.br/imovel/casa-8-quartos-lago-norte-bairros-brasilia-com-garagem-848m2-venda-RS5000000-id-2828700238/?source=ranking%2Cunknown,2026-09-27
2908251913,R$ 2.250.000,isento,isento,400 m²,4,5,4,Lago Norte,Setor de Habitações Individuais Norte,casa,False,https://www.vivareal.com.br/imovel/casa-4-quartos-lago-norte-bairros-brasilia-com-garagem-400m2-venda-RS2250000-id-2908251913/?source=ranking%2Cunknown,2026-09-27
2894624811,R$ 3.300.000,isento,R$ 4.803,492 m²,5,8,5,Lago Norte,Setor de Habitações Individuais Norte,casa,False,https://www.vivareal.com.br/imovel/casa-5-quartos-lago-norte-bairros-brasilia-com-garagem-492m2-venda-RS3300000-id-2894624811/?source=ranking%2Cunknown,2026-09-27
2873263512,R$ 6.890.000,isento,isento,700 m²,4,8,,Lago Norte,Setor de Mansões do Lago Norte,casa,False,https://www.vivareal.com.br/imovel/casa-4-quartos-lago-norte-bairros-brasilia-700m2-venda-RS6890000-id-2873263512/?source=ranking%2Cunknown,2026-09-27
2877150786,R$ 15.000.000,isento,isento,1000 m²,5,7,4,Lago Norte,Setor de Mansões do Lago Norte,casa,False,https://www.vivareal.com.br/imovel/casa-5-quartos-lago-norte-bairros-brasilia-com-garagem-1000m2-venda-RS15000000-id-2877150786/?source=ranking%2Cunknown,2026-09-27
2860421353,R$ 2.700.000,isento,R$ 3.996,689 m²,6,8,6,Lago Norte,Setor de Habitações Individuais Norte,casa,False,https://www.vivareal.com.br/imovel/casa-6-quartos-lago-norte-bairros-brasilia-com-garagem-689m2-venda-RS2700000-id-2860421353/?source=ranking%2Cunknown,2026-09-27
2757669623,R$ 3.295.000,isento,R$ 4.850,544 m²,5,8,4,Lago Norte,Setor de Habitações Individuais Norte,casa,False,https://www.vivareal.com.br/imovel/casa-5-quartos-lago-norte-bairros-brasilia-com-garagem-544m2-venda-RS3295000-id-2757669623/?source=ranking%2Cunknown,2026-09-27
2821676254,R$ 3.800.000,isento,isento,776 m²,6,6,4,Lago Norte,Setor de Habitações Individuais Norte,casa,False,https://www.vivareal.com.br/imovel/casa-6-quartos-lago-norte-bairros-brasilia-com-garagem-776m2-venda-RS3800000-id-2821676254/?source=ranking%2Cunknown,2026-09-27
2888885680,R$ 650.000,isento,isento,90 m²,2,2,12,Lago Norte,Setor de Mansões do Lago Norte,casa,False,https://www.vivareal.com.br/imovel/casa-2-quartos-lago-norte-bairros-brasilia-com-garagem-90m2-venda-RS650000-id-2888885680/?source=ranking%2Cunknown,2026-09-27
2909237310,R$ 2.390.000,isento,R$ 6.022,468 m²,4,6,6,Lago Norte,Setor de Habitações Individuais Norte,casa,False,https://www.vivareal.com.br/imovel/casa-4-quartos-lago-norte-bairros-brasilia-com-garagem-468m2-venda-RS2390000-id-2909237310/?source=ranking%2Cunknown,2026-09-27
2857630058,R$ 5.500.000,isento,R$ 7.748,720 m²,5,6,8,Lago Norte,Setor de Habitações Individuais Norte,casa,False,https://www.vivareal.com.br/imovel/casa-5-quartos-lago-norte-bairros-brasilia-com-garagem-720m2-venda-RS5500000-id-2857630058/?source=ranking%2Cunknown,2026-09-27
2902453647,R$ 5.300.000,isento,isento,585 m²,5,8,8,Lago Norte,Setor de Habitações Individuais Norte,casa,False,https://www.vivareal.com.br/imovel/casa-5-quartos-lago-norte-bairros-brasilia-com-garagem-585m2-venda-RS5300000-id-2902453647/?source=ranking%2Cunknown,2026-09-27
2836565525,R$ 3.500.000,isento,R$ 5.659,505 m²,4,7,3,Lago Norte,Setor de Habitações Individuais Norte,casa,False,https://www.vivareal.com.br/imovel/casa-4-quartos-lago-norte-bairros-brasilia-com-garagem-505m2-venda-RS3500000-id-2836565525/?source=ranking%2Cunknown,2026-09-27
2910971375,R$ 3.250.000,isento,R$ 5.407,817 m²,4,4,6,Lago Norte,Setor de Habitações Individuais Norte,casa,False,https://www.vivareal.com.br/imovel/casa-4-quartos-lago-norte-bairros-brasilia-com-garagem-817m2-venda-RS3250000-id-2910971375/?source=ranking%2Cunknown,2026-09-27
2867068858,R$ 11.000.000,isento,R$ 9.330,473 m²,5,6,5,Lago Norte,Setor de Habitações Individuais Norte,casa,False,https://www.vivareal.com.br/imovel/casa-5-quartos-lago-norte-bairros-brasilia-com-garagem-473m2-venda-RS11000000-id-2867068858/?source=ranking%2Cunknown,2026-09-27
2847282008,R$ 10.000.000,isento,R$ 7.815,1258 m²,4,5,3,Lago Norte,Setor de Habitações Individuais Norte,casa,False,https://www.vivareal.com.br/imovel/casa-4-quartos-lago-norte-bairros-brasilia-com-garagem-1258m2-venda-RS10000000-id-2847282008/?source=ranking%2Cunknown,2026-09-27
2902456120,R$ 3.690.000,isento,isento,1200 m²,6,8,8,Lago Norte,Setor de Habitações Individuais Norte,casa,False,https://www.vivareal.com.br/imovel/casa-6-quartos-lago-norte-bairros-brasilia-com-garagem-1200m2-venda-RS3690000-id-2902456120/?source=ranking%2Cunknown,2026-09-27
2882618379,R$ 12.900.000,isento,isento,1200 m²,5,8,10,Lago Norte,Setor de Habitações Individuais Norte,casa,False,https://www.vivareal.com.br/imovel/casa-5-quartos-lago-norte-bairros-brasilia-com-garagem-1200m2-venda-RS12900000-id-2882618379/?source=ranking%2Cunknown,2026-09-27
2904846418,R$ 6.500.000,isento,isento,600 m²,5,8,,Lago Norte,Setor de Habitações Individuais Norte,casa,False,https://www.vivareal.com.br/imovel/casa-5-quartos-lago-norte-bairros-brasilia-600m2-venda-RS6500000-id-2904846418/?source=ranking%2Cunknown,2026-09-27
2900672097,R$ 13.900.000,isento,isento,1600 m²,9,12,10,Lago Norte,Setor de Habitações Individuais Norte,casa,False,https://www.vivareal.com.br/imovel/casa-9-quartos-lago-norte-bairros-brasilia-com-garagem-1600m2-venda-RS13900000-id-2900672097/?source=ranking%2Cunknown,2026-09-27
2805724849,R$ 9.800.000,isento,R$ 26.854,662 m²,6,8,3,Lago Norte,Setor de Habitações Individuais Norte,casa,False,https://www.vivareal.com.br/imovel/casa-6-quartos-lago-norte-bairros-brasilia-com-garagem-662m2-venda-RS9800000-id-2805724849/?source=ranking%2Cunknown,2026-09-27
2897539789,R$ 300.000,R$ 459,isento,27 m²,1,1,1,Lago Norte,Setor de Habitações Individuais Norte,apartamento,False,https://www.vivareal.com.br/imovel/apartamento-1-quartos-lago-norte-bairros-brasilia-com-garagem-27m2-venda-RS300000-id-2897539789/?source=ranking%2Cunknown,2026-09-27
2912393221,R$ 620.000,R$ 950,R$ 1.250,63 m²,2,2,1,Lago Norte,Setor de Habitações Individuais Norte,apartamento,False,https://www.vivareal.com.br/imovel/apartamento-2-quartos-lago-norte-bairros-brasilia-com-garagem-63m2-venda-RS620000-id-2912393221/?source=ranking%2Cunknown,2026-09-27
2696209580,R$ 630.000,R$ 615,isento,71 m²,1,1,1,Lago Norte,Setor de Habitações Individuais Norte,apartamento,False,https://www.vivareal.com.br/imovel/apartamento-1-quartos-lago-norte-bairros-brasilia-com-garagem-71m2-venda-RS630000-id-2696209580/?source=ranking%2Cunknown,2026-09-27
2722982643,R$ 570.000,isento,isento,46 m²,2,2,1,Lago Norte,Setor de Habitações Individuais Norte,apartamento,False,https://www.vivareal.com.br/imovel/apartamento-2-quartos-lago-norte-bairros-brasilia-com-garagem-46m2-venda-RS570000-id-2722982643/?source=ranking%2Cunknown,2026-09-27
2909121814,R$ 1.380.000,isento,isento,80 m²,3,3,2,Lago Norte,Setor de Habitações Individuais Norte,apartamento,False,https://www.vivareal.com.br/imovel/apartamento-3-quartos-lago-norte-bairros-brasilia-com-garagem-80m2-venda-RS1380000-id-2909121814/?source=ranking%2Cunknown,2026-09-27
2863727965,R$ 1.590.000,R$ 1.956,isento,183 m²,2,2,2,Lago Norte,Setor de Habitações Individuais Norte,apartamento,False,https://www.vivareal.com.br/imovel/apartamento-2-quartos-lago-norte-bairros-brasilia-com-garagem-183m2-venda-RS1590000-id-2863727965/?source=ranking%2Cunknown,2026-09-27
2902186146,R$ 890.000,R$ 620,R$ 1.360,70 m²,1,2,1,Lago Norte,Setor de Habitações Individuais Norte,apartamento,False,https://www.vivareal.com.br/imovel/apartamento-1-quartos-lago-norte-bairros-brasilia-com-garagem-70m2-venda-RS890000-id-2902186146/?source=ranking%2Cunknown,2026-09-27
,R$ 630.000,R$ 574,isento,63 m²,1,1,1,Lago Norte,Setor de Habitações Individuais Norte,apartamento,False,,2026-09-27
2875888207,R$ 1.990.000,isento,isento,242 m²,2,2,2,Lago Norte,Setor de Habitações Individuais Norte,apartamento,False,https://www.vivareal.com.br/imovel/apartamento-2-quartos-lago-norte-bairros-brasilia-com-garagem-242m2-venda-RS1990000-id-2875888207/?source=ranking%2Cunknown,2026-09-27
2899575873,R$ 780.000,R$ 675,R$ 1.005,59 m²,1,2,1,Lago Norte,Setor de Habitações Individuais Norte,apartamento,False,https://www.vivareal.com.br/imovel/apartamento-1-quartos-lago-norte-bairros-brasilia-com-garagem-59m2-venda-RS780000-id-2899575873/?source=ranking%2Cunknown,2026-09-27
2706483114,R$ 670.000,isento,isento,47 m²,1,2,1,Lago Norte,Setor de Habitações Individuais Norte,apartamento,False,https://www.vivareal.com.br/imovel/apartamento-1-quartos-lago-norte-bairros-brasilia-com-garagem-47m2-venda-RS670000-id-2706483114/?source=ranking%2Cunknown,2026-09-27
2912568216,R$ 715.000,isento,R$ 1.085,65 m²,1,2,1,Lago Norte,Setor de Habitações Individuais Norte,apartamento,False,https://www.vivareal.com.br/imovel/apartamento-1-quartos-lago-norte-bairros-brasilia-com-garagem-65m2-venda-RS715000-id-2912568216/?source=ranking%2Cunknown,2026-09-27
2900526322,R$ 897.000,R$ 701,R$ 611,72 m²,2,2,1,Lago Norte,Setor de Habitações Individuais Norte,apartamento,False,https://www.vivareal.com.br/imovel/apartamento-2-quartos-lago-norte-bairros-brasilia-com-garagem-72m2-venda-RS897000-id-2900526322/?source=ranking%2Cunknown,2026-09-27
2887512385,R$ 499.000,isento,isento,47 m²,1,2,1,Lago Norte,Setor de Habitações Individuais Norte,apartamento,False,https://www.vivareal.com.br/imovel/apartamento-1-quartos-lago-norte-bairros-brasilia-com-garagem-47m2-venda-RS499000-id-2887512385/?source=ranking%2Cunknown,2026-09-27
2879528078,R$ 1.750.000,isento,isento,112 m²,3,4,2,Lago Norte,Setor de Habitações Individuais Norte,apartamento,False,https://www.vivareal.com.br/imovel/apartamento-3-quartos-lago-norte-bairros-brasilia-com-garagem-112m2-venda-RS1750000-id-2879528078/?source=ranking%2Cunknown,2026-09-27
2875884624,R$ 1.990.000,isento,isento,234 m²,2,2,2,Lago Norte,Setor de Habitações Individuais Norte,apartamento,False,https://www.vivareal.com.br/imovel/apartamento-2-quartos-lago-norte-bairros-brasilia-com-garagem-234m2-venda-RS1990000-id-2875884624/?source=ranking%2Cunknown,2026-09-27
2902473432,R$ 760.000,R$ 447,R$ 1.133,53 m²,2,1,1,Lago Norte,Setor de Habitações Individuais Norte,apartamento,False,https://www.vivareal.com.br/imovel/apartamento-2-quartos-lago-norte-bairros-brasilia-com-garagem-53m2-venda-RS760000-id-2902473432/?source=ranking%2Cunknown,2026-09-27
2906692348,R$ 890.000,R$ 500,R$ 1.200,70 m²,1,1,1,Lago Norte,Setor de Habitações Individuais Norte,apartamento,False,https://www.vivareal.com.br/imovel/apartamento-1-quartos-lago-norte-bairros-brasilia-com-garagem-70m2-venda-RS890000-id-2906692348/?source=ranking%2Cunknown,2026-09-27
2909416128,R$ 379.000,R$ 612,R$ 936,28 m²,1,1,1,Lago Norte,Setor de Habitações Individuais Norte,apartamento,False,https://www.vivareal.com.br/imovel/apartamento-1-quartos-lago-norte-bairros-brasilia-com-garagem-28m2-venda-RS379000-id-2909416128/?source=ranking%2Cunknown,2026-09-27
2907909621,R$ 490.000,R$ 358,R$ 900,30 m²,1,1,,Lago Norte,Setor de Habitações Individuais Norte,apartamento,False,https://www.vivareal.com.br/imovel/apartamento-1-quartos-lago-norte-bairros-brasilia-30m2-venda-RS490000-id-2907909621/?source=ranking%2Cunknown,2026-09-27
2902479009,R$ 450.000,R$ 290,R$ 1.200,29 m²,1,1,1,Lago Norte,Setor de Habitações Individuais Norte,apartamento,False,https://www.vivareal.com.br/imovel/apartamento-1-quartos-lago-norte-bairros-brasilia-com-garagem-29m2-venda-RS450000-id-2902479009/?source=ranking%2Cunknown,2026-09-27
